품목코드,품목명,매입량,매입금액,매출량,매출금액,반출량,반출금액,반입량,반입금액,단순평가이익,반입평가손
071-03,71 곤색지퍼 L,0,0,2,"13,000",0,0,0,0,"2,800",0
072-07,72 블루지퍼 4XL,0,0,7,"45,500",0,0,0,0,"10,500",0
076-03,76 블루단추 L,0,0,3,"19,500",0,0,0,0,"3,300",0
076-04,76 블루단추 XL,0,0,5,"32,500",0,0,0,0,"5,500",0
076-05,76 블루단추 2XL,0,0,2,"13,000",0,0,0,0,"2,200",0
076-06,76 블루단추 3XL,0,0,1,"6,500",0,0,0,0,"1,100",0
076-07,76 블루단추 4XL,0,0,2,"13,000",0,0,0,0,"2,200",0
077-02,77 카라곤색단추 M,0,0,1,"7,500",0,0,0,0,"1,800",0
077-03,77 카라곤색단추 L,0,0,2,"15,000",0,0,0,0,"3,600",0
077-04,77 카라곤색단추 XL,0,0,10,"75,000",0,0,0,0,"18,000",0
077-05,77 카라곤색단추 2XL,0,0,2,"15,000",0,0,0,0,"3,600",0
077-06,77 카라곤색단추 3XL,0,0,1,"7,500",0,0,0,0,"1,800",0
077-07,77 카라곤색단추 4XL,0,0,2,"15,000",0,0,0,0,"3,600",0
1131-01,131 M,0,0,8,"99,000",0,0,0,0,"19,000",0
1131-02,131 L,0,0,17,"214,000",0,0,0,0,"44,000",0
1131-03,131 XL,0,0,28,"348,000",0,0,0,0,"68,000",0
1131-04,131 2XL,0,0,9,"111,000",0,0,0,0,"21,000",0
1131-05,131 3XL,0,0,1,"12,000",0,0,0,0,"2,000",0
1133-01,133 M,0,0,1,"14,000",0,0,0,0,"4,000",0
1133-02,133 L,0,0,13,"172,000",0,0,0,0,"42,000",0
1133-03,133 XL,0,0,19,"256,000",0,0,0,0,"66,000",0
1133-04,133 2XL,0,0,5,"70,000",0,0,0,0,"20,000",0
1133-05,133 3XL,0,0,4,"56,000",0,0,0,0,"16,000",0
1134-01,134상 S,0,0,3,0,0,0,0,0,"-31,500",0
1134-02,134상 M,0,0,0,0,0,0,-2,0,0,"21,000"
1134-03,134상 L,0,0,17,"221,000",0,0,0,0,"42,500",0
1134-04,134상 XL,0,0,15,"195,000",0,0,0,0,"37,500",0
1134-06,134상 3XL,0,0,1,"13,000",0,0,0,0,"2,500",0
1135-01,135상 S,0,0,2,"27,000",0,0,0,0,"6,400",0
1135-03,135상 L,0,0,61,"836,500",0,0,0,0,"208,200",0
1135-04,135상 XL,0,0,55,"762,500",0,0,0,0,"196,000",0
1135-05,135상 2XL,0,0,35,"479,500",0,0,0,0,"119,000",0
1135-06,135상 3XL,0,0,20,"278,000",0,0,0,0,"72,000",0
1135-07,135상 4XL,0,0,4,"54,000",0,0,0,0,"12,800",0
1136-01,136상 S,0,0,3,"43,000",0,0,0,0,"13,600",0
1136-02,136상 M,0,0,9,"112,500",0,0,0,0,"24,300",0
1136-03,136상 L,0,0,5,"62,500",0,0,0,0,"13,500",0
1136-04,136상 XL,0,0,2,"25,000",0,0,0,0,"5,400",0
1136-05,136상 2XL,0,0,4,"50,000",0,0,0,0,"10,800",0
117-2,117홑겹내피 95,0,0,42,"1,088,000",0,0,0,0,"290,000",0
117-94,117k 홑겹내피 105,50,"1,222,300",50,"1,400,000",0,0,0,0,"177,700",0
128-2,128J L,0,0,6,"164,000",0,0,0,0,"92,600",0
128-3,128J XL,0,0,10,"210,000",0,0,0,0,"91,000",0
128-4,128J 2XL,0,0,6,"114,000",0,0,0,0,"42,600",0
128-5,128J 3XL,0,0,4,"76,000",0,0,0,0,"28,400",0
129-01,129 M,0,0,1,"17,000",0,0,0,0,"3,854",0
129-02,129 L,0,0,8,"136,000",0,0,0,0,"30,832",0
129-03,129 XL,0,0,3,"51,000",0,0,0,0,"11,562",0
129-04,129 2XL,0,0,1,"17,000",0,0,0,0,"3,854",0
130-02,130 M,0,0,7,"129,000",0,0,0,0,"33,100",0
130-03,130 L,0,0,9,"168,000",0,0,0,0,"44,700",0
130-04,130 XL,0,0,21,"414,000",0,0,0,0,"126,300",0
130-05,130 2XL,0,0,17,"333,000",0,0,0,0,"100,100",0
130-06,130 3XL,0,0,5,"102,000",0,0,0,0,"33,500",0
130-07,130 4XL,0,0,2,"39,000",0,0,0,0,"11,600",0
139-1,139 M,0,0,9,"125,000",0,0,-1,"-12,000","26,000","-1,000"
139-2,139 L,0,0,12,"162,000",0,0,0,0,"30,000",0
139-3,139 XL,0,0,13,"174,000",0,0,0,0,"31,000",0
139-4,139 2XL,0,0,4,"48,000",0,0,0,0,"4,000",0
139-5,139 3XL,0,0,5,"60,000",0,0,-1,"-12,000","5,000","-1,000"
140-11,140J  90,0,0,8,"112,000",0,0,0,0,"36,000",0
140-12,140J  95,0,0,59,"859,000",0,0,0,0,"298,500",0
140-13,140J  100,0,0,43,"604,000",0,0,0,0,"195,500",0
140-14,140J  105,0,0,44,"624,000",0,0,0,0,"206,000",0
140-15,140J  110,0,0,22,"309,000",0,0,0,0,"100,000",0
140-16,140J  115,0,0,9,"127,000",0,0,0,0,"41,500",0
140-17,140J  120,0,0,1,"14,000",0,0,0,0,"4,500",0
141H-02,141-1상 M,0,0,0,0,0,0,-2,0,0,"19,540"
141H-03,141-1상 L,0,0,0,0,0,0,-6,0,0,"58,620"
203-1,203 M,0,0,1,"22,000",0,0,0,0,"1,600",0
203-2,203 L,0,0,3,"66,000",0,0,0,0,"4,800",0
204-1,204 M,0,0,40,"640,000",0,0,0,0,"116,800",0
204-2,204 L,0,0,81,"1,210,000",0,0,0,0,"150,520",0
204-3,204 XL,0,0,19,"255,000",0,0,0,0,"6,480",0
204-4,204 2XL,0,0,2,"30,000",0,0,0,0,"3,840",0
204-5,204 3XL,0,0,3,"45,000",0,0,0,0,"5,760",0
205-1,205 M,0,0,22,"399,000",0,0,-1,0,"33,800","16,600"
205-2,205 L,0,0,27,"418,000",0,0,0,0,"-30,200",0
205-3,205 XL,0,0,1,0,0,0,0,0,"-16,600",0
205-4,205 2XL,0,0,19,"285,000",0,0,-3,0,"-30,400","49,800"
206-1,206 M,0,0,6,"108,000",0,0,0,0,"30,000",0
206-2,206 L,0,0,16,"278,000",0,0,0,0,"70,000",0
206-3,206 XL,0,0,4,"70,000",0,0,0,0,"18,000",0
206-4,206 2XL,0,0,10,"172,000",0,0,0,0,"42,000",0
208-1,208 M,0,0,22,"487,000",0,0,0,0,"118,280",0
208-2,208 L,0,0,63,"1,398,000",0,0,-2,"-44,000","342,120","-10,480"
208-3,208 XL,0,0,77,"1,703,000",0,0,0,0,"412,480",0
208-4,208 2XL,0,0,41,"905,000",0,0,-2,"-44,000","217,840","-10,480"
208-5,208 3XL,0,0,31,"694,000",0,0,0,0,"174,440",0
212-1,212 M,0,0,12,"363,000",0,0,0,0,"93,000",0
212-2,212 L,0,0,51,"1,545,000",0,0,-2,"-58,000","397,500","-13,000"
212-3,212 XL,0,0,49,"1,457,000",0,0,-2,"-58,000","354,500","-13,000"
212-4,212 2XL,0,0,19,"569,000",0,0,-1,"-29,000","141,500","-6,500"
212-5,212 3XL,0,0,9,"261,000",0,0,0,0,"58,500",0
213-1,213J  S,0,0,1,"25,000",0,0,0,0,"5,240",0
213-5,213J  2XL,0,0,3,"75,000",0,0,0,0,"15,720",0
215-1,215 M,0,0,23,"575,000",0,0,0,0,"144,900",0
215-2,215 L,0,0,41,"1,025,000",0,0,0,0,"258,300",0
215-3,215 XL,0,0,40,"1,000,000",0,0,-1,"-25,000","252,000","-6,300"
215-4,215 2XL,0,0,12,"300,000",0,0,0,0,"75,600",0
215-5,215 3XL,0,0,7,"175,000",0,0,0,0,"44,100",0
216-0,216  S,0,0,3,"69,000",0,0,-3,"-69,000","23,400","-23,400"
216-1,216  M,0,0,46,"1,060,000",0,0,0,0,"360,800",0
216-2,216  L,0,0,62,"1,434,000",0,0,0,0,"491,600",0
216-3,216  XL,0,0,65,"1,507,000",0,0,0,0,"519,000",0
216-4,216  2XL,160,"2,848,000",40,"924,000",0,0,0,0,"212,000",0
216-5,216  3XL,110,"1,958,000",14,"326,000",0,0,0,0,"76,800",0
216-6,216  4XL,30,"534,000",11,"257,000",0,0,0,0,"61,200",0
217-0,217  S,0,0,4,"96,000",0,0,0,0,"35,200",0
217-1,217  M,0,0,35,"811,000",0,0,0,0,"279,000",0
217-2,217  L,0,0,114,"2,642,000",0,0,-3,"-69,000","909,200","-23,400"
217-3,217  XL,100,"1,780,000",130,"3,002,000",0,0,-1,"-25,000","688,000","-7,200"
217-4,217  2XL,100,"1,780,000",73,"1,689,000",0,0,0,0,"389,600",0
217-5,217  3XL,80,"1,424,000",32,"740,000",0,0,0,0,"170,400",0
217-6,217  4XL,20,"356,000",10,"230,000",0,0,0,0,"52,000",0
218-0,218  S,0,0,4,"96,000",0,0,0,0,"36,600",0
218-1,218  M,0,0,15,"362,000",0,0,-1,"-26,000","139,250","-11,150"
218-2,218  L,0,0,30,"760,000",0,0,-2,"-48,000","314,500","-18,300"
218-3,218  XL,0,0,32,"800,000",0,0,-1,"-24,000","324,800","-9,150"
218-4,218  2XL,100,"1,750,000",28,"698,000",0,0,0,0,"208,000",0
218-5,218  3XL,80,"1,400,000",11,"264,000",0,0,-1,"-24,000","71,500","-6,500"
218-6,218  4XL,20,"350,000",5,"128,000",0,0,0,0,"40,500",0
219-0,219  S,0,0,2,"48,000",0,0,0,0,"18,300",0
219-1,219  M,0,0,17,"416,000",0,0,0,0,"163,550",0
219-2,219  L,0,0,23,"570,000",0,0,-1,"-24,000","228,450","-9,150"
219-3,219  XL,0,0,24,"596,000",0,0,-1,"-24,000","239,600","-9,150"
219-4,219  2XL,120,"2,100,000",6,"144,000",0,0,0,0,"39,000",0
219-5,219  3XL,60,"1,050,000",6,"148,000",0,0,0,0,"43,000",0
219-6,219  4XL,20,"350,000",1,"24,000",0,0,0,0,"6,500",0
220-1,220 퀼팅사파리 S,10,"219,000",5,"173,000",0,0,0,0,"63,500",0
220-2,220 퀼팅사파리 M,119,"2,606,100",20,"642,000",0,0,0,0,"204,000",0
220-3,220 퀼팅사파리 L,300,"6,570,000",41,"1,366,000",0,0,0,0,"468,100",0
220-4,220 퀼팅사파리 XL,298,"6,526,200",42,"1,371,000",0,0,0,0,"451,200",0
220-5,220 퀼팅사파리 2XL,199,"4,358,100",20,"650,000",0,0,0,0,"212,000",0
220-6,220 퀼팅사파리 3XL,101,"2,211,900",4,"130,000",0,0,0,0,"42,400",0
220-7,220 퀼팅사파리 4XL,21,"459,900",2,"64,000",0,0,0,0,"20,200",0
234-2,234 L,0,0,227,"3,570,000",0,0,0,0,"392,000",0
234-4,234 2XL,0,0,53,"695,000",0,0,0,0,"-47,000",0
235-0,235 S,0,0,13,"227,500",0,0,0,0,"58,500",0
235-1,235 M,140,"2,184,000",207,"3,622,500",0,0,0,0,"393,300",0
235-2,235 L,240,"3,744,000",354,"6,223,500",0,0,0,0,"701,100",0
235-3,235 XL,300,"4,680,000",376,"6,599,500",0,0,-1,"-17,500","733,900","-1,900"
235-4,235 2XL,200,"3,120,000",156,"2,730,000",0,0,-4,"-70,000","296,400","-7,600"
235-5,235 3XL,100,"1,560,000",57,"1,000,500",0,0,0,0,"111,300",0
235-6,235 4XL,20,"312,000",15,"262,500",0,0,0,0,"28,500",0
238-1,238 M,0,0,31,"527,000",0,0,-1,"-17,000","124,000","-4,000"
238-2,238 L,0,0,35,"595,000",0,0,0,0,"140,000",0
238-3,238 XL,0,0,24,"408,000",0,0,0,0,"96,000",0
238-4,238 2XL,0,0,18,"306,000",0,0,0,0,"72,000",0
238-5,238 3XL,0,0,9,"153,000",0,0,0,0,"36,000",0
239-0,239 S,40,"552,000",35,"618,500",0,0,-5,"-87,500","135,500","-18,500"
239-1,239 M,375,"5,175,000",177,"3,159,000",0,0,0,0,"716,400",0
239-2,239 L,564,"7,783,200",461,"8,212,500",0,0,-1,"-17,500","1,850,700","-3,700"
239-3,239 XL,625,"8,625,000",487,"8,626,500",0,0,0,0,"1,905,900",0
239-4,239 2XL,264,"3,643,200",218,"3,858,500",0,0,-4,"-70,000","850,100","-14,800"
239-5,239 3XL,120,"1,656,000",75,"1,323,000",0,0,0,0,"288,000",0
239-6,239 4XL,30,"414,000",14,"246,000",0,0,0,0,"52,800",0
240-1,240  S,0,0,4,"80,000",0,0,0,0,"19,520",0
240-2,240  M,0,0,31,"622,000",0,0,0,0,"153,280",0
240-3,240  L,0,0,91,"1,828,000",0,0,-3,"-60,000","452,080","-14,640"
240-4,240  XL,0,0,99,"1,984,000",0,0,-4,"-80,000","487,120","-19,520"
240-5,240  2XL,0,0,50,"1,000,000",0,0,0,0,"244,000",0
240-6,240  3XL,0,0,19,"380,000",0,0,0,0,"92,720",0
240-7,240  4XL,0,0,3,"60,000",0,0,0,0,"14,640",0
241-0,241 S,20,"252,000",6,"96,000",0,0,0,0,"20,400",0
241-1,241 M,220,"2,772,000",100,"1,600,000",0,0,0,0,"340,000",0
241-2,241 L,473,"5,959,800",181,"2,901,000",0,0,0,0,"620,400",0
241-3,241 XL,462,"5,821,200",193,"3,098,000",0,0,0,0,"666,200",0
241-4,241 2XL,200,"2,520,000",79,"1,264,000",0,0,0,0,"268,600",0
241-5,241 3XL,100,"1,260,000",41,"660,000",0,0,0,0,"143,400",0
241-6,241 4XL,20,"252,000",5,"80,000",0,0,0,0,"17,000",0
245-0,245  S,54,"810,000",43,"820,000",0,0,0,0,"175,000",0
245-1,245  M,320,"4,800,000",239,"4,586,500",0,0,-4,"-74,000","1,001,500","-14,000"
245-2,245  L,669,"10,035,000",480,"9,265,500",0,0,-1,"-19,000","2,065,500","-4,000"
245-3,245  XL,525,"7,875,000",543,"10,515,500",0,0,-3,"-58,500","2,370,500","-13,500"
245-4,245  2XL,290,"4,350,000",265,"5,097,000",0,0,0,0,"1,122,000",0
245-5,245  3XL,144,"2,160,000",81,"1,546,500",0,0,-1,"-19,000","331,500","-4,000"
245-6,245  4XL,34,"510,000",35,"668,000",0,0,0,0,"143,000",0
250-0,250  S,0,0,1,"18,000",0,0,-1,"-18,000","3,700","-3,700"
250-1,250  M,0,0,21,"378,000",0,0,-1,"-18,000","77,700","-3,700"
250-2,250  L,0,0,63,"1,134,000",0,0,-1,0,"233,100","14,300"
250-3,250  XL,0,0,91,"1,639,000",0,0,-2,"-36,000","337,700","-7,400"
250-4,250  2XL,0,0,58,"1,044,000",0,0,-5,0,"194,300","73,250"
250-5,250  3XL,0,0,12,"216,000",0,0,0,0,"44,400",0
252-0,252 S,0,0,6,"102,000",0,0,0,0,"22,200",0
252-1,252  M,0,0,55,"971,500",0,0,0,0,"240,000",0
252-2,252  L,300,"3,990,000",214,"3,827,000",0,0,-2,"-34,000","980,800","-7,400"
252-3,252  XL,396,"5,266,800",276,"4,959,000",0,0,0,0,"1,288,200",0
252-4,252  2XL,200,"2,660,000",174,"3,073,500",0,0,0,0,"759,300",0
252-5,252  3XL,89,"1,183,700",69,"1,234,500",0,0,0,0,"316,800",0
252-6,252  4XL,10,"133,000",7,"129,500",0,0,-2,0,"36,400","26,600"
255-0,255 S,0,0,18,"342,000",0,0,-1,"-20,000","82,800","-5,600"
255-1,255  M,114,"1,641,600",130,"2,502,000",0,0,-2,"-40,000","630,000","-11,200"
255-2,255  L,330,"4,752,000",356,"6,798,000",0,0,0,0,"1,671,600",0
255-3,255  XL,321,"4,622,400",496,"9,589,000",0,0,0,0,"2,446,600",0
255-4,255  2XL,139,"2,001,600",300,"5,819,000",0,0,-7,"-19,000","1,499,000","81,800"
255-5,255  3XL,100,"1,440,000",99,"1,887,000",0,0,-2,"-38,000","461,400","-9,200"
255-6,255  4XL,10,"144,000",20,"394,000",0,0,0,0,"106,000",0
257-0,257 S,0,0,1,"26,000",0,0,0,0,"11,200",0
257-1,257 M,0,0,16,"313,000",0,0,0,0,"76,200",0
257-2,257 L,100,"1,730,000",58,"1,104,000",0,0,0,0,"100,600",0
257-3,257 XL,300,"5,190,000",72,"1,378,000",0,0,-1,"-19,000","132,400","-1,700"
257-4,257 2XL,40,"692,000",54,"1,027,000",0,0,-1,"-19,000","92,800","-1,700"
257-5,257 3XL,40,"692,000",18,"342,000",0,0,-1,"-19,000","30,600","-1,700"
257-6,257 4XL,20,"346,000",7,"133,000",0,0,0,0,"11,900",0
258-0,258 S,0,0,3,"57,000",0,0,0,0,"11,400",0
258-1,258 M,100,"1,520,000",77,"1,473,500",0,0,-9,0,"303,100","136,800"
258-2,258 L,287,"4,362,400",307,"5,635,500",0,0,0,0,"969,100",0
258-3,258 XL,305,"4,636,000",331,"6,040,500",0,0,0,0,"1,009,300",0
258-4,258 2XL,180,"2,736,000",158,"3,021,500",0,0,-7,"-102,500","619,900","3,900"
258-5,258 3XL,70,"1,064,000",52,"994,000",0,0,0,0,"203,600",0
258-6,258 4XL,10,"152,000",11,"209,000",0,0,0,0,"41,800",0
259-0,259 S,20,"302,000",12,"233,000",0,0,0,0,"51,800",0
259-1,259 M,160,"2,416,000",92,"1,770,000",0,0,0,0,"380,800",0
259-2,259 L,280,"4,228,000",288,"5,549,500",0,0,0,0,"1,200,700",0
259-3,259 XL,320,"4,832,000",355,"6,799,000",0,0,0,0,"1,438,500",0
259-4,259 2XL,140,"2,114,000",204,"3,891,500",0,0,-5,"-100,000","811,100","-24,500"
259-5,259 3XL,70,"1,057,000",66,"1,256,000",0,0,0,0,"259,400",0
259-6,259 4XL,10,"151,000",12,"229,000",0,0,0,0,"47,800",0
260-1,260 퀼팅시보리 S,10,"200,000",10,"318,000",0,0,0,0,"118,000",0
260-2,260 퀼팅시보리 M,120,"2,400,000",69,"2,309,000",0,0,-1,"-32,000","929,000","-12,000"
260-3,260 퀼팅시보리 L,304,"6,080,000",111,"3,345,000",0,0,-3,"-96,000","1,125,000","-36,000"
260-4,260 퀼팅시보리 XL,297,"5,940,000",79,"2,315,000",0,0,-1,"-32,000","735,000","-12,000"
260-5,260 퀼팅시보리 2XL,200,"4,000,000",42,"1,316,000",0,0,-1,"-32,000","476,000","-12,000"
260-6,260 퀼팅시보리 3XL,99,"1,980,000",9,"267,000",0,0,0,0,"87,000",0
260-7,260 퀼팅시보리 4XL,20,"400,000",5,"140,000",0,0,0,0,"40,000",0
290-1,590 곤색퀼팅 S,40,"720,000",35,"1,002,000",0,0,0,0,"372,000",0
290-2,590 곤색퀼팅 M,178,"3,204,000",96,"2,793,000",0,0,0,0,"1,065,000",0
290-3,590 곤색퀼팅 L,302,"5,436,000",94,"2,767,000",0,0,0,0,"1,075,000",0
290-4,590 곤색퀼팅 XL,232,"4,176,000",154,"4,432,000",0,0,-2,"-58,000","1,660,000","-22,000"
290-5,590 곤색퀼팅 2XL,160,"2,880,000",54,"1,546,000",0,0,0,0,"574,000",0
290-6,590 곤색퀼팅 3XL,59,"1,062,000",41,"1,176,000",0,0,0,0,"438,000",0
290-7,590 곤색퀼팅 4XL,20,"360,000",11,"316,000",0,0,0,0,"118,000",0
290-8,590 곤색퀼팅 5XL,10,"180,000",10,"280,000",0,0,0,0,"100,000",0
300-02,300상 M,0,0,2,"25,000",0,0,0,0,"3,000",0
300-03,300상 L,0,0,8,"100,500",0,0,0,0,"6,900",0
300-04,300상 XL,0,0,6,"75,000",0,0,0,0,"3,000",0
300-05,300상 2XL,0,0,7,"87,500",0,0,0,0,"5,600",0
300-06,300상 3XL,0,0,4,"50,000",0,0,0,0,"3,200",0
301-02,301상 M,0,0,11,"149,000",0,0,0,0,"39,000",0
301-03,301상 L,0,0,61,"809,000",0,0,0,0,"199,000",0
301-04,301상 XL,0,0,65,"855,000",0,0,0,0,"205,000",0
301-05,301상 2XL,0,0,30,"390,000",0,0,0,0,"90,000",0
301-06,301상 3XL,0,0,9,"117,000",0,0,0,0,"27,000",0
302-01,302상 S,0,0,2,"27,000",0,0,0,0,"4,000",0
302-02,302상 M,0,0,12,"162,000",0,0,0,0,"24,000",0
302-03,302상 L,0,0,42,"567,000",0,0,0,0,"84,000",0
302-04,302상 XL,0,0,57,"769,500",0,0,0,0,"114,000",0
302-05,302상 2XL,0,0,40,"540,000",0,0,0,0,"80,000",0
302-07,302상 3XL,0,0,2,"27,000",0,0,0,0,"4,000",0
302-08,302상 4XL,0,0,1,"13,500",0,0,0,0,"2,000",0
313-1,313상 S,0,0,1,"14,000",0,0,0,0,"1,925",0
313-2,313상 M,0,0,2,"28,000",0,0,0,0,"3,850",0
313-3,313상 L,0,0,4,"56,000",0,0,0,0,"7,700",0
313-4,313상 XL,0,0,6,"84,000",0,0,0,0,"11,550",0
313-5,313상  2XL,0,0,8,"112,000",0,0,0,0,"15,400",0
313-6,313상  3XL,0,0,5,"70,000",0,0,0,0,"9,625",0
314-01,314상 S,0,0,5,"70,000",0,0,0,0,"12,500",0
314-02,314상 M,0,0,94,"1,322,500",0,0,0,0,"241,500",0
314-03,314상 L,0,0,175,"2,503,000",0,0,0,0,"490,500",0
314-04,314상 XL,0,0,147,"2,078,500",0,0,0,0,"388,000",0
314-05,314상 2XL,0,0,79,"1,115,500",0,0,0,0,"207,000",0
314-06,314상 3XL,0,0,30,"430,500",0,0,0,0,"85,500",0
314-07,314상 4XL,0,0,2,"29,500",0,0,0,0,"6,500",0
315-02,315상 M,0,0,2,"24,000",0,0,0,0,"4,000",0
315-03,315상 L,0,0,2,"38,000",0,0,0,0,"18,000",0
315-04,315상 XL,0,0,13,"156,000",0,0,0,0,"26,000",0
315-05,315상 2XL,0,0,10,"120,000",0,0,0,0,"20,000",0
315-06,315상 3XL,0,0,11,"132,000",0,0,0,0,"22,000",0
319-02,319상 M,0,0,19,"241,500",0,0,0,0,"43,900",0
319-03,319상 L,0,0,67,"861,500",0,0,0,0,"164,700",0
319-04,319상 XL,0,0,40,"508,000",0,0,0,0,"92,000",0
319-05,319상 2XL,0,0,25,"312,500",0,0,0,0,"52,500",0
319-06,319상 3XL,0,0,8,"100,000",0,0,0,0,"16,800",0
320-02,320상 M,0,0,2,"36,000",0,0,0,0,"16,000",0
320-03,320상 L,0,0,10,"136,000",0,0,0,0,"36,000",0
320-04,320상 XL,0,0,23,"326,000",0,0,0,0,"96,000",0
320-05,320상 2XL,0,0,5,"68,000",0,0,0,0,"18,000",0
411-10,411상 S,0,0,3,"40,500",0,0,0,0,"6,000",0
411-12,411상 M,0,0,6,"81,000",0,0,0,0,"12,000",0
411-13,411상 L,0,0,16,"189,000",0,0,-2,"-27,000","5,000","-4,000"
411-14,411상 XL,0,0,17,"217,000",0,0,-1,"-13,500","21,500","-2,000"
411-16,411상 3XL,0,0,5,"67,500",0,0,0,0,"10,000",0
411-22,411하 30,0,0,5,"47,500",0,0,0,0,"6,500",0
411-23,411하 32,0,0,10,"97,500",0,0,0,0,"15,500",0
450-2,450차이나 M,0,0,1,"14,000",0,0,0,0,"4,400",0
450-3,450차이나 L,0,0,4,"56,000",0,0,0,0,"17,600",0
450-4,450차이나 XL,0,0,5,"70,000",0,0,0,0,"22,000",0
450-5,450차이나 2XL,0,0,3,"42,000",0,0,0,0,"13,200",0
450-6,450차이나 3XL,0,0,7,"98,000",0,0,0,0,"30,800",0
450-7,450차이나 4XL,0,0,1,"14,000",0,0,0,0,"4,400",0
451-11,451 S,0,0,2,"23,000",0,0,0,0,"7,640",0
451-12,451 M,85,"652,800",64,"739,000",0,0,0,0,"247,480",0
451-13,451 L,688,"5,283,840",188,"2,154,500",0,0,0,0,"710,660",0
451-14,451 XL,"1,029","7,902,720",192,"2,249,000",0,0,0,0,"774,440",0
451-15,451 2XL,759,"5,829,120",166,"1,941,500",0,0,0,0,"666,620",0
451-16,451 3XL,391,"3,002,880",73,"853,500",0,0,0,0,"292,860",0
451-17,451 4XL,50,"384,000",12,"138,000",0,0,0,0,"45,840",0
451-18,451 5XL,20,"153,600",0,0,0,0,0,0,0,0
452-11,452 S,0,0,7,"94,500",0,0,0,0,"37,170",0
452-12,452 M,0,0,51,"699,500",0,0,0,0,"281,810",0
452-13,452 L,0,0,113,"1,581,500",0,0,0,0,"656,030",0
452-14,452 XL,0,0,166,"2,327,000",0,0,0,0,"967,460",0
452-15,452 2XL,0,0,132,"1,858,000",0,0,0,0,"776,920",0
452-16,452 3XL,0,0,23,"324,500",0,0,0,0,"136,130",0
452-17,452 4XL,0,0,8,"114,000",0,0,0,0,"48,480",0
453-12,453 M,194,"1,590,800",13,"188,500",0,0,0,0,"81,900",0
453-13,453 L,392,"3,214,400",30,"435,000",0,0,0,0,"189,000",0
453-14,453 XL,584,"4,788,800",154,"2,174,000",0,0,0,0,"911,200",0
453-15,453 2XL,552,"4,526,400",60,"870,000",0,0,0,0,"378,000",0
453-16,453 3XL,196,"1,607,200",20,"290,000",0,0,0,0,"126,000",0
453-17,453 4XL,38,"311,600",5,"72,500",0,0,0,0,"31,500",0
454-3,454S L,0,0,1,"14,000",0,0,0,0,"5,550",0
454-4,454S XL,0,0,4,"56,000",0,0,0,0,"22,200",0
454-5,454S 2XL,0,0,1,"14,000",0,0,0,0,"5,550",0
455-4,455S청스판 XL,0,0,5,"65,000",0,0,0,0,"27,000",0
455-6,455S청스판 3XL,0,0,2,"28,000",0,0,0,0,"12,800",0
456-1,456 패딩셔츠 S,0,0,0,0,0,0,-2,0,0,"23,380"
456-2,456 패딩셔츠 M,0,0,41,"656,000",0,0,0,0,"176,710",0
456-3,456 패딩셔츠  L,0,0,78,"1,248,000",0,0,0,0,"336,180",0
456-4,456 패딩셔츠  XL,0,0,64,"1,024,000",0,0,0,0,"275,840",0
456-5,456 패딩셔츠  2XL,0,0,37,"592,000",0,0,0,0,"159,470",0
456-6,456 패딩셔츠  3XL,0,0,21,"336,000",0,0,0,0,"90,510",0
456-7,456 패딩셔츠  4XL,0,0,6,"96,000",0,0,0,0,"25,860",0
457-1,KJ-1Y S,0,0,6,"78,000",0,0,0,0,"1,560",0
457-2,KJ-1Y  M,0,0,23,"299,000",0,0,0,0,"5,980",0
457-3,KJ-1Y  L,0,0,39,"507,000",0,0,0,0,"10,140",0
457-4,KJ-1Y  XL,0,0,20,"260,000",0,0,0,0,"5,200",0
457-5,KJ-1Y  2XL,0,0,36,"468,000",0,0,0,0,"9,360",0
457-6,KJ-1Y  3XL,0,0,3,"39,000",0,0,0,0,780,0
475-11,475상 S,0,0,5,"72,500",0,0,0,0,"12,500",0
475-12,475상 M,0,0,38,"575,500",0,0,0,0,"119,500",0
475-13,475상 L,0,0,179,"2,702,500",0,0,0,0,"554,500",0
475-14,475상 XL,0,0,154,"2,291,000",0,0,0,0,"443,000",0
475-15,475상 2XL,0,0,88,"1,291,500",0,0,0,0,"235,500",0
475-16,475상 3XL,0,0,35,"522,500",0,0,0,0,"102,500",0
475-21,475하 28,0,0,9,"71,500",0,0,0,0,"6,790",0
475-22,475하 30,0,0,39,"409,500",0,0,-18,"-105,000","129,090","24,420"
475-23,475하 32,0,0,99,"976,000",0,0,-37,"-385,000","264,190","-118,970"
475-24,475하 34,0,0,149,"1,507,500",0,0,0,0,"436,190",0
475-25,475하 36,0,0,61,"623,000",0,0,-4,"-10,000","184,410","18,760"
475-26,475하 38,0,0,18,"130,000",0,0,0,0,580,0
475-27,475하 40,0,0,15,"10,000",0,0,0,0,"-97,850",0
475-28,475하 42,0,0,6,"61,000",0,0,0,0,"17,860",0
502-01,502 블루 S,0,0,1,"11,000",0,0,0,0,"5,000",0
502-02,502 블루 M,0,0,1,"7,500",0,0,0,0,"1,500",0
502-03,502 블루 L,0,0,1,"7,500",0,0,0,0,"1,500",0
502-05,502 블루 2XL,0,0,1,"7,500",0,0,0,0,"1,500",0
505-02,505 곤색 M,0,0,8,"61,500",0,0,0,0,"12,700",0
505-03,505 곤색 L,0,0,9,"68,500",0,0,0,0,"13,600",0
505-04,505 곤색 XL,0,0,11,"82,500",0,0,0,0,"15,400",0
505-05,505 곤색 2XL,0,0,6,"46,000",0,0,0,0,"9,400",0
505-06,505 곤색 3XL,0,0,3,"22,500",0,0,0,0,"4,200",0
511-04,511 곤색 XL,0,0,1,"8,000",0,0,0,0,"1,300",0
512-03,512 블루 L,0,0,4,"32,000",0,0,0,0,"6,000",0
515-01,515 곤색 S,0,0,4,"32,000",0,0,0,0,"5,200",0
515-02,515 곤색 M,0,0,18,"139,500",0,0,0,0,"18,900",0
515-03,515 곤색 L,0,0,58,"455,500",0,0,0,0,"66,900",0
515-04,515 곤색 XL,0,0,34,"303,500",0,0,0,0,"75,700",0
515-05,515 곤색 2XL,0,0,21,"165,500",0,0,0,0,"24,800",0
515-06,515 곤색 3XL,0,0,11,"85,000",0,0,0,0,"11,300",0
515-07,515 곤색 4XL,0,0,1,"7,500",0,0,0,0,800,0
519-11,519pen  S,0,0,1,"9,500",0,0,0,0,"2,900",0
519-14,519pen  XL,0,0,1,"9,500",0,0,0,0,"2,900",0
519-16,519pen  3XL,0,0,1,"9,500",0,0,0,0,"2,900",0
520-12,520고리 M,0,0,1,"9,500",0,0,0,0,"2,900",0
520-13,520고리 L,0,0,10,"95,000",0,0,0,0,"29,000",0
520-14,520고리 XL,0,0,15,"142,500",0,0,0,0,"43,500",0
520-15,520고리 2XL,0,0,14,"133,000",0,0,0,0,"40,600",0
520-16,520고리 3XL,0,0,2,"19,000",0,0,0,0,"5,800",0
521-06,521N 3XL,0,0,1,"12,000",0,0,0,0,"4,500",0
523-11,523N S,0,0,1,"9,000",0,0,0,0,"2,300",0
523-12,523N M,0,0,27,"270,000",0,0,0,0,"89,100",0
523-13,523N L,0,0,55,"529,000",0,0,0,0,"160,500",0
523-14,523N XL,0,0,65,"624,000",0,0,0,0,"188,500",0
523-15,523N 2XL,0,0,43,"409,000",0,0,0,0,"120,900",0
523-16,523N 3XL,0,0,9,"90,000",0,0,0,0,"29,700",0
524-11,524 S,0,0,1,"9,000",0,0,0,0,"2,830",0
524-12,524 M,0,0,3,"27,000",0,0,0,0,"8,490",0
524-13,524 L,0,0,8,"72,000",0,0,0,0,"22,640",0
524-15,524 2XL,0,0,10,"90,000",0,0,0,0,"28,300",0
524-16,524 3XL,0,0,4,"36,000",0,0,0,0,"11,320",0
525-11,525  S,0,0,5,"37,500",0,0,0,0,"5,000",0
525-12,525  M,0,0,4,"30,000",0,0,0,0,"4,000",0
525-13,525  L,0,0,28,"210,000",0,0,0,0,"28,000",0
525-14,525  XL,0,0,10,"75,000",0,0,0,0,"10,000",0
525-15,525  2XL,0,0,6,"45,000",0,0,0,0,"6,000",0
525-16,525  3XL,0,0,5,"37,500",0,0,0,0,"5,000",0
525-17,525  4XL,0,0,2,"15,000",0,0,0,0,"2,000",0
527-11,527N  S,0,0,1,"10,000",0,0,0,0,"3,400",0
527-12,527N  M,0,0,2,"20,000",0,0,0,0,"6,800",0
527-13,527N  L,0,0,25,"250,000",0,0,0,0,"85,000",0
527-14,527N  XL,0,0,14,"140,000",0,0,0,0,"47,600",0
527-15,527N  2XL,0,0,19,"190,000",0,0,0,0,"64,600",0
527-16,527N  3XL,0,0,11,"110,000",0,0,0,0,"37,400",0
528-12,528G  M,0,0,1,"10,000",0,0,0,0,"3,400",0
528-13,528G  L,0,0,62,"620,000",0,0,0,0,"210,800",0
528-14,528G  XL,0,0,23,"230,000",0,0,0,0,"78,200",0
528-15,528G  2XL,0,0,6,"60,000",0,0,0,0,"20,400",0
528-16,528G  3XL,0,0,1,"10,000",0,0,0,0,"3,400",0
531-13,531N L,0,0,2,"24,000",0,0,0,0,"8,400",0
531-15,531N 2XL,0,0,1,"12,000",0,0,0,0,"4,200",0
532-11,532K  S,0,0,1,"12,000",0,0,0,0,"4,200",0
532-12,532K  M,0,0,10,"120,000",0,0,0,0,"42,000",0
532-13,532K  L,0,0,12,"144,000",0,0,0,0,"50,400",0
532-14,532K  XL,0,0,43,"516,000",0,0,0,0,"180,600",0
532-15,532K  2XL,0,0,10,"120,000",0,0,0,0,"42,000",0
532-16,532K  3XL,0,0,4,"48,000",0,0,0,0,"16,800",0
540-0,540조끼 S,79,"734,700",40,"509,000",0,0,0,0,"137,000",0
540-1,540조끼 M,198,"1,841,400",275,"3,354,000",0,0,0,0,"796,500",0
540-2,540조끼 L,303,"2,817,900",383,"4,667,000",0,0,0,0,"1,105,100",0
540-3,540조끼 XL,226,"2,101,800",325,"3,960,000",0,0,0,0,"937,500",0
540-4,540조끼 2XL,100,"930,000",117,"1,422,000",0,0,0,0,"333,900",0
540-5,540조끼 3XL,80,"744,000",65,"791,000",0,0,0,0,"186,500",0
540-6,540조끼 4XL,20,"186,000",19,"230,000",0,0,0,0,"53,300",0
542-0,542V S,0,0,3,"53,000",0,0,0,0,"13,520",0
542-1,542V M,0,0,11,"191,000",0,0,0,0,"46,240",0
542-2,542V L,0,0,15,"262,000",0,0,0,0,"64,600",0
542-3,542V XL,0,0,36,"625,000",0,0,0,0,"151,240",0
542-4,542V 2XL,0,0,7,"119,000",0,0,0,0,"26,880",0
542-5,542V 3XL,0,0,3,"54,000",0,0,0,0,"14,520",0
547-00,547조끼 S,219,"2,168,100",132,"1,705,000",0,0,0,0,"398,200",0
547-01,547조끼 M,483,"4,781,700",482,"6,289,000",0,0,-1,0,"1,517,200","9,900"
547-02,547조끼 L,665,"6,583,500",668,"8,710,000",0,0,-3,0,"2,096,800","29,700"
547-03,547조끼 XL,543,"5,375,700",547,"7,124,500",0,0,-4,0,"1,709,200","39,600"
547-04,547조끼  2XL,360,"3,564,000",334,"4,306,500",0,0,0,0,"999,900",0
547-05,547조끼  3XL,209,"2,069,100",86,"1,118,000",0,0,-2,0,"266,600","19,800"
547-06,547조끼  4XL,30,"297,000",37,"491,000",0,0,0,0,"124,700",0
550-1,550 퀼팅조끼 S,10,"174,000",2,"46,000",0,0,0,0,"11,200",0
550-2,550 퀼팅조끼 M,119,"2,070,600",24,"608,000",0,0,0,0,"190,400",0
550-3,550 퀼팅조끼 L,304,"5,289,600",38,"891,000",0,0,0,0,"229,800",0
550-4,550 퀼팅조끼 XL,299,"5,202,600",22,"526,000",0,0,0,0,"143,200",0
550-5,550 퀼팅조끼 2XL,199,"3,462,600",19,"449,000",0,0,-3,"-69,000","118,400","-16,800"
550-6,550 퀼팅조끼 3XL,100,"1,740,000",12,"276,000",0,0,-1,"-23,000","67,200","-5,600"
550-7,550 퀼팅조끼 4XL,20,"348,000",8,"184,000",0,0,-1,"-23,000","44,800","-5,600"
560-1,560 웰론 S,0,0,1,"14,000",0,0,0,0,"4,340",0
560-2,560 웰론 M,0,0,13,"190,000",0,0,-4,"-56,000","64,420","-17,360"
560-3,560 웰론 L,0,0,22,"302,000",0,0,-4,"-56,000","89,480","-17,360"
560-4,560 웰론 XL,0,0,29,"348,000",0,0,-2,"-28,000","67,860","-8,680"
560-5,560 웰론 2XL,0,0,13,"188,000",0,0,0,0,"62,420",0
560-6,560 웰론 3XL,0,0,5,"64,000",0,0,0,0,"15,700",0
600-12,600(300하) 30,0,0,2,"17,000",0,0,0,0,"1,000",0
600-13,600(300하) 32,0,0,1,"8,500",0,0,0,0,500,0
600-14,600(300하) 34,0,0,3,"25,500",0,0,0,0,"1,500",0
600-15,600(300하) 36,0,0,8,"69,000",0,0,0,0,"5,000",0
600-16,600(300하) 38,0,0,1,"8,500",0,0,0,0,500,0
600-17,600(300하) 40,0,0,1,"8,500",0,0,0,0,500,0
602-12,602(134하) 30,0,0,9,"76,500",0,0,-9,"-76,500","18,900","-18,900"
602-13,602(134하) 32,0,0,1,"8,500",0,0,0,0,"2,100",0
602-15,602(134하) 36,0,0,2,"17,000",0,0,0,0,"4,200",0
602-19,602(134하) 44,0,0,2,"17,000",0,0,0,0,"4,200",0
603-01,603 28,0,0,23,"368,000",0,0,0,0,"115,000",0
603-02,603 30,0,0,30,"480,000",0,0,0,0,"150,000",0
603-03,603 32,0,0,37,"592,000",0,0,0,0,"185,000",0
603-04,603 34,0,0,20,"320,000",0,0,0,0,"100,000",0
603-07,603 40,0,0,1,"16,000",0,0,0,0,"5,000",0
605-12,605(135하) 30,0,0,2,"19,000",0,0,0,0,"3,400",0
605-13,605(135하) 32,0,0,18,"163,000",0,0,0,0,"22,600",0
605-15,605(135하) 36,0,0,3,"28,500",0,0,0,0,"5,100",0
606-14,606(136하) 34,0,0,1,"9,000",0,0,0,0,"1,400",0
606-15,606(136하) 36,0,0,2,"18,000",0,0,0,0,"2,800",0
606-17,606(136하) 40,0,0,3,"27,000",0,0,0,0,"4,200",0
607-1,607N 28,0,0,5,"49,000",0,0,0,0,"8,500",0
607-2,607N 30,0,0,7,"66,500",0,0,0,0,"9,800",0
607-3,607N 32,0,0,1,"9,500",0,0,0,0,"1,400",0
607-4,607N 34,0,0,7,"66,500",0,0,0,0,"9,800",0
607-5,607N 36,0,0,33,"313,500",0,0,0,0,"46,200",0
607-6,607N 38,0,0,2,"19,000",0,0,0,0,"2,800",0
607-7,607N 40,0,0,3,"28,500",0,0,0,0,"4,200",0
610-1,610 청스판 28,0,0,30,"290,000",0,0,0,0,"50,000",0
610-3,610 청스판 32,0,0,0,0,0,0,-10,0,0,"80,000"
610-4,610 청스판 34,0,0,4,0,0,0,0,0,"-32,000",0
610-6,610 청스판 38,0,0,0,0,0,0,-4,0,0,"32,000"
610-7,610 청스판 40,0,0,1,0,0,0,0,0,"-8,000",0
611-1,611P(455p) 28,0,0,6,"63,000",0,0,-5,"-52,500","21,000","-17,500"
611-2,611P(455p) 30,0,0,14,"147,000",0,0,-10,"-105,000","49,000","-35,000"
611-3,611P(455p) 32,0,0,19,"199,500",0,0,-10,"-105,000","66,500","-35,000"
611-4,611P(455p) 34,0,0,29,"304,500",0,0,-10,"-105,000","101,500","-35,000"
611-5,611P(455p) 36,0,0,19,"199,500",0,0,-5,"-52,500","66,500","-17,500"
611-6,611P(455p) 38,0,0,1,0,0,0,0,0,"-7,000",0
611-7,611P(455p) 40,0,0,1,"10,500",0,0,0,0,"3,500",0
613-11,613(301하) 28,0,0,1,"9,000",0,0,0,0,"2,000",0
613-12,613(301하) 30,0,0,4,"37,000",0,0,0,0,"9,000",0
613-13,613(301하) 32,0,0,32,"293,000",0,0,0,0,"69,000",0
613-14,613(301하) 34,0,0,16,"145,000",0,0,0,0,"33,000",0
613-15,613(301하) 36,0,0,11,"100,000",0,0,0,0,"23,000",0
613-16,613(301하) 38,0,0,2,"18,000",0,0,-1,"-9,000","4,000","-2,000"
613-17,613(301하) 40,0,0,2,"18,000",0,0,0,0,"4,000",0
614-11,"614(314,302) 28",99,"732,600",19,"185,500",0,0,-7,0,"44,900","51,800"
614-12,"614(314,302) 30",303,"2,242,200",114,"991,000",0,0,-1,"-9,500","147,400","-2,100"
614-13,"614(314,302) 32",505,"3,737,000",190,"1,830,000",0,0,-3,"-19,000","424,000","3,200"
614-14,"614(314,302) 34",379,"2,804,600",117,"1,132,500",0,0,0,0,"266,700",0
614-15,"614(314,302) 36",158,"1,169,200",87,"829,000",0,0,-1,"-9,500","185,200","-2,100"
614-16,"614(314,302) 38",40,"296,000",37,"360,500",0,0,0,0,"86,700",0
614-17,"614(314,302) 40",20,"148,000",9,"86,500",0,0,0,0,"19,900",0
615-11,615(315하) 28,0,0,4,"34,000",0,0,0,0,"2,800",0
615-12,615(315하) 30,0,0,2,"17,000",0,0,0,0,"1,400",0
615-13,615(315하) 32,0,0,14,"119,000",0,0,0,0,"9,800",0
615-14,615(315하) 34,0,0,11,"96,000",0,0,0,0,"10,200",0
615-15,615(315하) 36,0,0,2,"17,000",0,0,0,0,"1,400",0
6181-1,618차콜 28,0,0,40,"400,000",0,0,-38,"-380,000","96,000","-91,200"
6181-5,618차콜 36,0,0,40,"400,000",0,0,0,0,"96,000",0
619-11,"619(319,320) 28",0,0,21,"195,000",0,0,0,0,"58,500",0
619-12,"619(319,320) 30",0,0,114,"1,057,000",0,0,0,0,"316,000",0
619-13,"619(319,320) 32",0,0,264,"2,471,000",0,0,0,0,"755,000",0
619-14,"619(319,320) 34",0,0,168,"1,569,000",0,0,0,0,"477,000",0
619-15,"619(319,320) 36",0,0,111,"1,036,500",0,0,0,0,"315,000",0
619-16,"619(319,320) 38",0,0,31,"287,500",0,0,0,0,"86,000",0
619-17,"619(319,320) 40",0,0,10,"94,500",0,0,0,0,"29,500",0
619-18,"619(319,320) 42",0,0,2,"18,000",0,0,0,0,"5,000",0
621-1,621 춘추청스판 28,0,0,5,"52,500",0,0,0,0,"14,000",0
621-2,621 춘추청스판 30,0,0,131,"1,415,500",0,0,0,0,"406,800",0
621-3,621 춘추청스판 32,0,0,239,"2,363,000",0,0,0,0,"522,700",0
621-4,621 춘추청스판 34,0,0,228,"2,407,500",0,0,0,0,"651,900",0
621-5,621 춘추청스판 36,0,0,96,"944,500",0,0,-2,"-22,000","205,300","-6,600"
621-6,621 춘추청스판 38,0,0,32,"348,500",0,0,0,0,"102,100",0
621-7,621 춘추청스판 40,0,0,9,"97,000",0,0,0,0,"27,700",0
621-8,621 춘추청스판 42,0,0,2,"21,000",0,0,0,0,"5,600",0
623-1,623P(454p) 28,0,0,4,"42,000",0,0,0,0,"13,040",0
623-2,623P(454p) 30,0,0,11,"115,500",0,0,0,0,"35,860",0
623-3,623P(454p) 32,0,0,28,"294,000",0,0,0,0,"91,280",0
623-4,623P(454p) 34,0,0,20,"210,000",0,0,0,0,"65,200",0
623-5,623P(454p) 36,0,0,7,"73,500",0,0,0,0,"22,820",0
623-6,623P(454p) 38,0,0,5,"52,500",0,0,0,0,"16,300",0
624-11,614-1 28,0,0,23,"218,500",0,0,-1,0,"48,300","7,400"
624-12,614-1 30,0,0,96,"902,500",0,0,-1,0,"192,100","7,400"
624-13,614-1 32,0,0,136,"1,283,500",0,0,0,0,"277,100",0
624-14,614-1 34,0,0,136,"1,292,500",0,0,0,0,"286,100",0
624-15,614-1 36,0,0,49,"465,500",0,0,0,0,"102,900",0
624-16,614-1 38,0,0,25,"237,500",0,0,0,0,"52,500",0
624-17,614-1 40,0,0,13,"123,500",0,0,0,0,"27,300",0
624-18,614-1 42,0,0,4,"38,000",0,0,0,0,"8,400",0
640-1,640(235P) 28,40,"424,000",41,"511,000",0,0,0,0,"76,400",0
640-2,640(235P) 30,120,"1,272,000",132,"1,738,000",0,0,-9,"-144,000","338,800","-48,600"
640-3,640(235P) 32,180,"1,908,000",247,"3,099,000",0,0,-4,"-72,000","480,800","-29,600"
640-4,640(235P) 34,120,"1,272,000",165,"2,114,500",0,0,-8,"-144,000","365,500","-59,200"
640-5,640(235P) 36,20,"212,000",86,"1,050,000",0,0,0,0,"138,400",0
640-6,640(235P) 38,20,"212,000",40,"486,000",0,0,0,0,"62,000",0
640-7,640(235P) 40,0,0,7,"87,500",0,0,0,0,"23,100",0
641-1,641(238.239) 28,0,0,24,"307,500",0,0,-6,0,"86,700","55,200"
641-2,641(238.239) 30,0,0,72,"912,500",0,0,-2,0,"250,100","18,400"
641-3,641(238.239) 32,0,0,126,"1,510,500",0,0,0,0,"351,300",0
641-4,641(238.239) 34,0,0,105,"1,328,500",0,0,-24,"-13,000","362,500","207,800"
641-5,641(238.239) 36,0,0,49,"327,500",0,0,0,0,"-123,300",0
641-6,641(238.239) 38,0,0,24,"309,000",0,0,0,0,"88,200",0
641-7,641(238.239) 40,0,0,5,"62,500",0,0,0,0,"16,500",0
645-1,645(234P) 28,0,0,10,"145,000",0,0,0,0,"43,000",0
645-2,645(234P) 30,0,0,18,"261,000",0,0,0,0,"77,400",0
645-3,645(234P) 32,0,0,48,"696,000",0,0,0,0,"206,400",0
645-4,645(234P) 34,0,0,51,"739,500",0,0,-35,0,"219,300","357,000"
645-5,645(234P) 36,0,0,25,"362,500",0,0,-24,0,"107,500","244,800"
645-6,645(234P) 38,0,0,7,"101,500",0,0,-7,0,"30,100","71,400"
645-7,645(234P) 40,0,0,10,"116,000",0,0,-6,"-87,000","23,600","-31,560"
646-1,646  28,0,0,40,"584,000",0,0,-8,"-14,500","150,000","72,300"
646-2,646  30,0,0,152,"2,022,000",0,0,-5,"-72,500","372,800","-18,250"
646-3,646  32,0,0,173,"2,516,500",0,0,-25,"-72,500","639,450","198,750"
646-4,646  34,0,0,190,"2,457,500",0,0,-4,"-58,000","396,000","-14,600"
646-5,646  36,0,0,102,"1,089,000",0,0,-7,"-101,500","-17,700","-25,550"
646-6,646  38,0,0,22,"318,500",0,0,-5,"-43,500","79,800","10,750"
646-7,646  40,0,0,10,"87,000",0,0,0,0,"-21,500",0
646-8,646  42,0,0,8,"116,000",0,0,0,0,"29,200",0
647-1,647  28,0,0,2,"29,000",0,0,-1,0,"8,600","10,200"
647-2,647  30,0,0,8,"116,000",0,0,0,0,"34,400",0
647-3,647  32,0,0,48,"696,000",0,0,0,0,"206,400",0
647-4,647  34,0,0,28,"405,000",0,0,0,0,"119,400",0
647-5,647  36,0,0,12,"174,000",0,0,0,0,"51,600",0
647-6,647  38,0,0,1,"14,500",0,0,0,0,"4,300",0
647-7,647  40,0,0,3,"43,500",0,0,0,0,"12,900",0
650-2,650 본딩 30,0,0,2,"22,000",0,0,0,0,"5,260",0
650-3,650 본딩 32,0,0,3,"47,000",0,0,0,0,"21,890",0
650-4,650 본딩 34,0,0,1,"11,000",0,0,0,0,"2,630",0
653-1,"653회색 28""",1,"7,000",1,"9,000",0,0,0,0,"2,000",0
653-2,"653회색 30""",3,"21,000",4,"36,000",0,0,0,0,"8,000",0
653-3,"653회색 32""",19,"133,000",20,"180,000",0,0,0,0,"40,000",0
653-4,"653회색 34""",19,"133,000",20,"180,000",0,0,0,0,"40,000",0
653-5,"653회색 36""",11,"77,000",12,"108,000",0,0,0,0,"24,000",0
653-6,"653회색 38""",3,"21,000",3,"27,000",0,0,0,0,"6,000",0
653-7,"653회색 40""",3,"21,000",5,"45,000",0,0,0,0,"10,000",0
654-0,654 검정 여자바지,2,"14,000",2,"18,000",0,0,0,0,"4,000",0
654-1,"654 검정 28""",14,"98,000",15,"135,000",0,0,0,0,"30,000",0
654-2,"654 검정 30""",60,"420,000",61,"549,000",0,0,0,0,"122,000",0
654-3,"654 검정 32""",66,"462,000",67,"603,000",0,0,0,0,"134,000",0
654-4,"654 검정 34""",62,"434,000",62,"558,000",0,0,0,0,"124,000",0
654-5,"654 검정 36""",20,"140,000",20,"180,000",0,0,0,0,"40,000",0
654-6,"654 검정 38""",5,"35,000",5,"45,000",0,0,0,0,"10,000",0
654-7,"654 검정 40""",6,"42,000",7,"63,000",0,0,0,0,"14,000",0
655-1,"655 청본딩 28""",150,"1,575,000",133,"1,672,000",0,0,0,0,"275,500",0
655-2,"655 청본딩 30""",443,"4,651,500",378,"4,739,000",0,0,0,0,"770,000",0
655-3,"655 청본딩 32""",548,"5,754,000",915,"11,497,000",0,0,0,0,"1,889,500",0
655-4,"655 청본딩 34""",500,"5,250,000",675,"8,457,000",0,0,-1,"-13,000","1,369,500","-2,500"
655-5,"655 청본딩 36""",385,"4,042,500",279,"3,495,000",0,0,0,0,"565,500",0
655-6,"655 청본딩 38""",120,"1,260,000",100,"1,251,500",0,0,0,0,"201,500",0
655-7,"655 청본딩 40""",78,"819,000",54,"675,000",0,0,0,0,"108,000",0
655-8,"655 청본딩 42""",59,"619,500",22,"275,000",0,0,0,0,"44,000",0
655-9,"655 청본딩 44""",40,"420,000",10,"125,000",0,0,0,0,"20,000",0
656-1,656면 28,0,0,11,"159,500",0,0,0,0,"28,050",0
656-2,656면 30,0,0,40,"632,000",0,0,0,0,"154,000",0
656-3,656면 32,0,0,104,"1,547,500",0,0,0,0,"304,700",0
656-4,656면 34,0,0,79,"1,203,000",0,0,0,0,"258,950",0
656-5,656면 36,0,0,44,"638,000",0,0,0,0,"112,200",0
656-6,656면 38,0,0,14,"204,000",0,0,0,0,"36,700",0
657-1,657청 28,0,0,9,"130,500",0,0,0,0,"15,300",0
657-2,657청 30,0,0,38,"555,000",0,0,-4,"-62,000","68,600","-10,800"
657-3,657청 32,0,0,105,"1,535,500",0,0,0,0,"191,500",0
657-4,657청 34,0,0,80,"1,164,000",0,0,-7,0,"140,000","89,600"
657-5,657청 36,0,0,26,"333,500",0,0,0,0,700,0
657-6,657청 38,0,0,18,"263,000",0,0,-1,0,"32,600","12,800"
657-7,657청 40,0,0,2,"29,000",0,0,0,0,"3,400",0
701-01,701  M,0,0,77,"1,015,000",0,0,0,0,"-571,200",0
701-02,701  L,0,0,59,"1,709,000",0,0,-7,"-116,000","493,600","28,200"
701-03,701  XL,0,0,73,"2,134,000",0,0,-28,"-58,000","630,200","518,800"
701-04,701  2XL,0,0,43,"1,246,000",0,0,-1,"-29,000","360,200","-8,400"
701-05,701  3XL,0,0,20,"580,000",0,0,0,0,"168,000",0
702-01,702  M,0,0,62,"1,798,000",0,0,-1,"-29,000","520,800","-8,400"
702-02,702  L,0,0,97,"2,801,000",0,0,-7,"-58,000","802,800","86,200"
702-03,702  XL,0,0,108,"3,005,000",0,0,0,0,"780,200",0
702-04,702  2XL,0,0,36,"870,000",0,0,0,0,"128,400",0
702-05,702  3XL,0,0,32,"937,000",0,0,-4,0,"277,800","82,400"
890-21,891 스즈끼,0,0,19,"731,500",0,0,0,0,"171,000",0
915-11,915 상 S,0,0,40,"588,000",0,0,0,0,"148,000",0
915-12,915 상 M,0,0,312,"4,664,800",0,0,-1,0,"1,232,800","11,000"
915-13,915 상 L,0,0,783,"11,722,200",0,0,-2,0,"3,109,200","22,000"
915-14,915 상 XL,0,0,552,"8,093,400",0,0,0,0,"2,021,400",0
915-15,915 상 2XL,0,0,129,"1,901,200",0,0,-4,0,"482,200","44,000"
915-16,915 상 3XL,0,0,41,"603,400",0,0,-1,0,"152,400","11,000"
915-17,915 상 4XL,20,"220,000",17,"261,800",0,0,0,0,"74,800",0
915-21,915 하 28,0,0,49,"388,000",0,0,0,0,"40,100",0
915-22,915 하 30,0,0,283,"2,806,600",0,0,-150,0,"797,300","1,065,000"
915-23,915 하 32,0,0,680,"5,287,600",0,0,0,0,"459,600",0
915-24,915 하 34,0,0,497,"4,909,400",0,0,-29,0,"1,380,700","205,900"
915-25,915 하 36,0,0,172,"1,674,400",0,0,-63,0,"453,200","447,300"
915-26,915 하 38,0,0,49,"455,900",0,0,0,0,"108,000",0
915-27,915 하 40,0,0,16,"48,500",0,0,0,0,"-65,100",0
915-28,915 하 42,0,0,7,"68,900",0,0,-18,0,"19,200","127,800"
916-13,916tr 상 L,0,0,5,"85,000",0,0,0,0,"35,000",0
916-14,916tr 상 XL,0,0,7,"119,000",0,0,0,0,"49,000",0
921-20,921조끼 S,0,0,10,"105,000",0,0,0,0,"25,400",0
921-21,921조끼 M,0,0,115,"1,232,500",0,0,0,0,"317,100",0
921-22,921조끼 L,0,0,337,"3,674,500",0,0,0,0,"991,980",0
921-23,921조끼 XL,0,0,213,"2,316,500",0,0,0,0,"621,020",0
921-24,921조끼 2XL,0,0,153,"1,707,500",0,0,0,0,"489,620",0
921-25,921조끼 3XL,0,0,60,"654,000",0,0,0,0,"176,400",0
921-26,921조끼 4XL,0,0,4,"45,000",0,0,0,0,"13,160",0
921-28,921조끼 6xl,0,0,1,"10,500",0,0,0,0,"2,540",0
925-10,925점퍼 S,0,0,15,"290,000",0,0,0,0,"95,000",0
925-11,925점퍼 M,0,0,164,"3,200,000",0,0,0,0,"1,068,000",0
925-12,925점퍼 L,0,0,407,"7,849,000",0,0,0,0,"2,558,000",0
925-13,925점퍼 XL,0,0,295,"5,725,000",0,0,-1,"-20,000","1,890,000","-7,000"
925-14,925점퍼 2XL,0,0,136,"2,638,000",0,0,0,0,"870,000",0
925-15,925점퍼 3XL,0,0,21,"399,000",0,0,0,0,"126,000",0
925-16,925점퍼 4XL,0,0,11,"209,000",0,0,0,0,"66,000",0
925-18,925점퍼 6XL,0,0,2,"40,000",0,0,0,0,"14,000",0
930-10,930 M,0,0,63,"1,669,500",0,0,0,0,"724,500",0
930-101,930 S,0,0,20,"530,000",0,0,0,0,"230,000",0
930-11,930 L,0,0,269,"7,128,500",0,0,0,0,"3,093,500",0
930-12,930 XL,0,0,209,"5,538,500",0,0,0,0,"2,403,500",0
930-13,930 2XL,0,0,61,"1,616,500",0,0,0,0,"701,500",0
930-14,930 3XL,0,0,5,"132,500",0,0,0,0,"57,500",0
930-15,930 4XL,0,0,5,"132,500",0,0,0,0,"57,500",0
930-20,930P 28,0,0,40,"540,000",0,0,0,0,"124,800",0
930-21,930P 30,0,0,168,"2,308,000",0,0,0,0,"564,160",0
930-22,930P 32,0,0,317,"4,359,500",0,0,0,0,"1,069,040",0
930-23,930P 34,0,0,333,"4,575,500",0,0,0,0,"1,118,960",0
930-24,930P 36,0,0,149,"2,071,500",0,0,0,0,"524,880",0
930-25,930P 38,0,0,32,"452,000",0,0,0,0,"119,840",0
930-26,930P 40,0,0,5,"72,500",0,0,0,0,"20,600",0
971-12,971 상 M,0,0,44,"1,107,000",0,0,-1,"-24,500","359,000","-7,500"
971-13,971 상 L,0,0,67,"1,609,000",0,0,-3,"-74,500","470,000","-23,500"
971-14,971 상 XL,0,0,122,"3,061,000",0,0,-2,"-49,000","987,000","-15,000"
971-15,971 상 2XL,0,0,52,"1,264,000",0,0,-3,"-73,500","380,000","-22,500"
971-16,971 상 3XL,0,0,11,"276,500",0,0,-3,0,"89,500","51,000"
971-21,971 하 28,0,0,6,"90,000",0,0,0,0,"24,000",0
971-22,971 하 30,0,0,15,"225,000",0,0,0,0,"60,000",0
971-23,971 하 32,0,0,44,"660,000",0,0,0,0,"176,000",0
971-24,971 하 34,0,0,41,"615,000",0,0,-1,"-15,000","164,000","-4,000"
971-25,971 하 36,0,0,23,"345,000",0,0,0,0,"92,000",0
971-26,971 하 38,0,0,9,"135,000",0,0,0,0,"36,000",0
971-27,971 하 40,0,0,2,"30,000",0,0,0,0,"8,000",0
975-12,975 상 M,40,"820,000",49,"1,195,000",0,0,0,0,"190,500",0
975-13,975 상 L,120,"2,460,000",180,"4,380,000",0,0,0,0,"690,000",0
975-14,975 상 XL,160,"3,280,000",223,"5,415,000",0,0,0,0,"843,500",0
975-15,975 상 2XL,100,"2,050,000",112,"2,727,000",0,0,0,0,"431,000",0
975-16,975 상 3XL,60,"1,230,000",40,"960,000",0,0,0,0,"140,000",0
975-17,975 상 4XL,20,"410,000",7,"170,000",0,0,0,0,"26,500",0
975-21,975 하 28,40,"520,000",41,"510,000",0,0,0,0,"-23,000",0
975-22,975 하 30,200,"2,600,000",200,"3,000,000",0,0,-5,"-30,000","400,000","35,000"
975-23,975 하 32,300,"3,900,000",378,"5,410,000",0,0,-1,"-15,000","496,000","-2,000"
975-24,975 하 34,280,"3,640,000",282,"4,145,000",0,0,-1,"-15,000","479,000","-2,000"
975-25,975 하 36,100,"1,300,000",107,"1,610,000",0,0,-7,"-30,000","219,000","61,000"
975-26,975 하 38,50,"650,000",44,"555,000",0,0,-1,"-15,000","-17,000","-2,000"
975-27,975 하 40,10,"130,000",4,"60,000",0,0,-3,0,"8,000","39,000"
975-28,975 하 42,20,"260,000",7,"60,000",0,0,0,0,"-31,000",0
976-12,976상  M,0,0,32,"812,000",0,0,0,0,"248,800",0
976-13,976상  L,0,0,42,"1,093,000",0,0,-3,0,"353,800","52,800"
976-14,976상  XL,0,0,73,"1,901,000",0,0,-8,"-78,000","616,200","62,800"
976-15,976상  2XL,0,0,37,"939,000",0,0,0,0,"287,800",0
976-16,976상  3XL,0,0,13,"338,000",0,0,-2,0,"109,200","35,200"
976-21,976 하  28,0,0,7,"105,000",0,0,0,0,"24,500",0
976-22,976 하  30,0,0,65,"934,500",0,0,-1,"-15,000","187,000","-3,500"
976-23,976 하  32,0,0,75,"991,500",0,0,0,0,"129,000",0
976-24,976 하  34,0,0,46,"692,000",0,0,0,0,"163,000",0
976-25,976 하  36,0,0,14,"196,500",0,0,0,0,"35,500",0
976-26,976 하  38,0,0,7,"45,000",0,0,0,0,"-35,500",0
976-27,976 하  40,0,0,2,"30,000",0,0,0,0,"7,000",0
99-104,HM-104N,16,"272,000",15,"303,000",0,0,0,0,"48,000",0
99-106,HM-106N,7,"166,000",7,"205,000",0,0,0,0,"39,000",0
99-113,HM-113N,3,"51,000",3,"64,000",0,0,0,0,"13,000",0
99-113-1,HM-113N 방한화,17,"374,000",17,"459,000",0,0,0,0,"85,000",0
99-114,HM-114N 블랙,23,"575,000",26,"725,000",0,0,0,0,"75,000",0
99-204,HM-204N 네이비,59,"1,239,000",59,"1,475,000",-3,"-63,000",0,0,"236,000",0
99-206,HM-206N,19,"383,000",20,"459,000",-1,"-20,000",0,0,"55,842",0
99-404,HM-404N,1,"22,000",1,"26,000",-1,"-22,000",-1,"-26,000","4,000","-4,000"
99-506,HM-506N 지퍼,11,"369,000",11,"402,000",0,0,0,0,"33,000",0
99-506-1,HM-506N 다이얼,20,"825,000",20,"965,000",0,0,0,0,"140,000",0
99-604,HM-604N,24,"704,000",25,"836,000",0,0,0,0,"102,667",0
99-604-1,HM-604N 다이얼,25,"833,000",25,"935,000",0,0,0,0,"102,000",0
99-606,HM-606N 지퍼,9,"261,000",11,"364,000",0,0,-2,0,"45,000","58,000"
99-606-1,HM-606N 다이얼,1,"38,000",1,"42,000",0,0,0,0,"4,000",0
99-704,HM-704N 다이얼,48,"1,749,000",48,"1,950,000",0,0,0,0,"201,000",0
99-706,HM-706N 다이얼,6,"222,000",7,"303,000",-1,"-37,000",-1,"-44,000","44,000","-7,000"
99-706-1,HM-706N 방한화,2,"74,000",2,"96,000",0,0,0,0,"22,000",0
99-804,HM-804N  신끈,1,"25,000",4,"66,000",0,0,0,0,"-34,000",0
99-804-1,HM-804N 다이얼,10,"300,000",14,"462,000",0,0,-4,0,"42,000","120,000"
99-806-1,HM-806N 다이얼,11,"341,000",11,"380,000",0,0,0,0,"39,000",0
99-806-2,HM-806N 지퍼,0,0,4,"71,000",0,0,-1,"-31,000","-45,000","-2,000"
99-806-3,HM-806N 방한화,13,"403,000",12,"430,000",-1,"-31,000",0,0,"58,000",0
S102-02,102상 95,0,0,0,0,0,0,-1,0,0,"9,500"
S138-03,138상 100,0,0,9,"121,500",0,0,0,0,"33,480",0
S138-04,138상 105,0,0,8,"108,000",0,0,0,0,"29,760",0
S138-05,138상 110,0,0,2,"27,000",0,0,0,0,"7,440",0
S442-1,DJ-3Y,0,0,80,"960,000",0,0,0,0,"332,000",0
S580-22,580M  95,0,0,60,"600,000",0,0,0,0,"180,000",0
S618-22,138하 회색 30,0,0,0,0,0,0,-1,0,0,"6,340"
S618-23,138하 회색 32,0,0,3,"17,000",0,0,0,0,"-2,020",0
S618-24,138하 회색 34,0,0,4,"34,000",0,0,0,0,"8,640",0
SA138 -14,138-1상 105,0,0,40,"560,000",0,0,0,0,"160,000",0
W117-1,117홑겹내피 90,0,0,10,"260,000",0,0,0,0,"70,000",0
W117-3,117홑겹내피 100,0,0,52,"1,332,000",0,0,0,0,"344,000",0
W117-4,117홑겹내피 105,0,0,47,"1,104,000",0,0,0,0,"211,000",0
W117-6,117홑겹내피 115,0,0,0,0,0,0,-3,0,0,"57,000"
W231-11,231자동차점퍼 90,102,"1,285,200",68,"1,197,000",0,0,0,0,"340,200",0
W231-12,231자동차점퍼 95,724,"9,122,400",279,"4,847,000",0,0,0,0,"1,331,600",0
W231-13,231자동차점퍼 100,"1,145","14,427,000",809,"14,147,500",0,0,-5,0,"3,954,100","63,000"
W231-14,231자동차점퍼 105,"1,067","13,444,200",954,"16,593,500",0,0,-2,"-17,500","4,573,100","7,700"
W231-15,231자동차점퍼 110,621,"7,824,600",509,"8,890,000",0,0,-1,0,"2,476,600","12,600"
W231-16,231자동차점퍼 115,260,"3,276,000",206,"3,622,500",0,0,0,0,"1,026,900",0
W231-17,231자동차점퍼 120,70,"882,000",62,"1,077,000",0,0,0,0,"295,800",0
W231-18,231자동차점퍼 125,20,"252,000",23,"391,500",0,0,0,0,"101,700",0
W231-19,231자동차점퍼 130,10,"126,000",8,"142,000",0,0,0,0,"41,200",0
W232-11,232new중공업  90,108,"1,701,000",94,"2,095,000",0,0,-2,0,"614,500","31,500"
W232-12,232new중공업  95,400,"6,300,000",312,"6,411,000",0,0,-1,"-22,000","1,497,000","-6,250"
W232-13,232new중공업  100,203,"3,197,250",427,"9,400,000",0,0,-18,0,"2,674,750","283,500"
W232-14,232new중공업  105,201,"3,165,750",246,"5,388,000",0,0,0,0,"1,513,500",0
W232-15,232new중공업  110,60,"945,000",97,"2,112,000",0,0,0,0,"584,250",0
W232-16,232new중공업  115,18,"283,500",50,"1,080,000",0,0,-14,"-308,000","292,500","-87,500"
W232-17,232new중공업  120,10,"157,500",12,"266,000",0,0,0,0,"77,000",0
W242-1,242W 95,0,0,30,"510,000",0,0,-30,"-480,000","150,000","-120,000"
W242-3,242W 105,0,0,7,"119,000",0,0,-7,"-112,000","35,000","-28,000"
W271-1,271k솜점퍼 90,0,0,20,"400,000",0,0,0,0,"30,900",0
W271-2,271k솜점퍼 95,0,0,234,"4,620,000",0,0,0,0,"301,530",0
W271-3,271k솜점퍼 100,0,0,716,"14,302,000",0,0,-1,"-20,000","1,088,220","-1,545"
W271-4,271k솜점퍼 105,100,"1,845,500",768,"15,920,000",0,0,-1,"-20,000","1,746,560","-1,545"
W271-5,271k솜점퍼 110,100,"1,845,500",372,"8,040,000",0,0,-2,"-40,000","1,174,740","-3,090"
W271-6,271k솜점퍼 115,0,0,120,"2,400,000",0,0,-3,0,"185,400","55,365"
W271-7,271k솜점퍼 120,0,0,76,"1,520,000",0,0,-2,0,"117,420","36,910"
W271-8,271k솜점퍼 125,0,0,30,"500,000",0,0,0,0,"-53,650",0
W290-91,MN-590 ,300,"5,400,000",310,"8,680,000",0,0,0,0,"3,100,000",0
W443-1,DJ-53Y,"1,420","11,644,000","1,420","17,750,000",0,0,0,0,"6,106,000",0
W548-1,548조끼 90,0,0,11,"132,000",0,0,0,0,"30,800",0
W548-2,548조끼 95,0,0,30,"360,000",0,0,0,0,"84,000",0
W548-3,548조끼 100,0,0,53,"636,000",0,0,0,0,"148,400",0
W548-4,548조끼 105,0,0,43,"516,000",0,0,0,0,"120,400",0
W548-5,548조끼 110,0,0,51,"612,000",0,0,0,0,"142,800",0
W548-6,548조끼 115,0,0,14,"168,000",0,0,0,0,"39,200",0
W548-7,548조끼 120,0,0,15,"180,000",0,0,0,0,"42,000",0
W590-1,590 솜조끼 90,79,"678,610",130,"1,494,000",0,0,0,0,"377,300",0
W590-2,590 솜조끼 95,487,"4,183,330",671,"7,741,000",0,0,0,0,"1,977,110",0
W590-3,590 솜조끼 100,814,"6,992,260","1,088","12,542,000",0,0,-21,"-11,000","3,196,080","169,390"
W590-4,590 솜조끼 105,673,"5,781,070",940,"10,587,000",0,0,0,0,"2,512,400",0
W590-5,590 솜조끼 110,519,"4,458,210",660,"7,629,000",0,0,0,0,"1,959,600",0
W590-6,590 솜조끼 115,159,"1,365,810",218,"2,542,000",0,0,0,0,"669,380",0
W590-7,590 솜조끼 120,80,"687,200",108,"1,258,000",0,0,0,0,"330,280",0
W590-8,590 솜조끼 125,40,"343,600",40,"475,000",0,0,0,0,"131,400",0
W590-9,590 솜조끼 130,5,"42,950",5,"57,500",0,0,0,0,"14,550",0
W890-05,SW-02,"1,205","18,195,500","1,205","21,690,000",0,0,0,0,"3,494,500",0
WA801,801-1,"1,475","31,565,000","1,452","45,738,000",0,0,0,0,"14,665,200",0
WM231 ,231-1자동차구형점퍼,"1,198","15,094,800","1,198","20,366,000",0,0,-7,0,"5,271,200","88,200"
