품목코드,품목명,분류명,브랜드명,전재고,전재고액,현재고,단가,현재고액
071-01,71 곤색지퍼 S,하복티셔츠,덕주,93,"474,300",93,"5,100","474,300"
071-02,71 곤색지퍼 M,하복티셔츠,덕주,102,"520,200",102,"5,100","520,200"
071-03,71 곤색지퍼 L,하복티셔츠,덕주,333,"1,698,300",331,"5,100","1,688,100"
071-04,71 곤색지퍼 XL,하복티셔츠,덕주,326,"1,662,600",326,"5,100","1,662,600"
071-05,71 곤색지퍼 2XL,하복티셔츠,덕주,152,"775,200",152,"5,100","775,200"
071-06,71 곤색지퍼 3XL,하복티셔츠,덕주,99,"504,900",99,"5,100","504,900"
071-07,71 곤색지퍼 4XL,하복티셔츠,덕주,33,"168,300",33,"5,100","168,300"
072-01,72 블루지퍼 S,하복티셔츠,덕주,31,"155,000",31,"5,000","155,000"
072-02,72 블루지퍼 M,하복티셔츠,덕주,220,"1,100,000",220,"5,000","1,100,000"
072-03,72 블루지퍼 L,하복티셔츠,덕주,179,"895,000",179,"5,000","895,000"
072-04,72 블루지퍼 XL,하복티셔츠,덕주,270,"1,350,000",270,"5,000","1,350,000"
072-05,72 블루지퍼 2XL,하복티셔츠,덕주,150,"750,000",150,"5,000","750,000"
072-06,72 블루지퍼 3XL,하복티셔츠,덕주,48,"240,000",48,"5,000","240,000"
072-07,72 블루지퍼 4XL,하복티셔츠,덕주,42,"210,000",35,"5,000","175,000"
073-01,73 차이나곤색지퍼 S,하복티셔츠,덕주,47,"253,800",47,"5,400","253,800"
073-02,73 차이나곤색지퍼 M,하복티셔츠,덕주,264,"1,425,600",264,"5,400","1,425,600"
073-03,73 차이나곤색지퍼 L,하복티셔츠,덕주,279,"1,506,600",279,"5,400","1,506,600"
073-04,73 차이나곤색지퍼 XL,하복티셔츠,덕주,359,"1,938,600",359,"5,400","1,938,600"
073-05,73 차이나곤색지퍼 2XL,하복티셔츠,덕주,65,"351,000",65,"5,400","351,000"
073-06,73 차이나곤색지퍼 3XL,하복티셔츠,덕주,118,"637,200",118,"5,400","637,200"
073-07,73 차이나곤색지퍼 4XL,하복티셔츠,덕주,45,"243,000",45,"5,400","243,000"
074-01,74 차이나블루지퍼 S,하복티셔츠,덕주,47,"253,800",47,"5,400","253,800"
074-02,74 차이나블루지퍼 M,하복티셔츠,덕주,231,"1,247,400",231,"5,400","1,247,400"
074-03,74 차이나블루지퍼 L,하복티셔츠,덕주,273,"1,474,200",273,"5,400","1,474,200"
074-04,74 차이나블루지퍼 XL,하복티셔츠,덕주,288,"1,555,200",288,"5,400","1,555,200"
074-05,74 차이나블루지퍼 2XL,하복티셔츠,덕주,165,"891,000",165,"5,400","891,000"
074-06,74 차이나블루지퍼 3XL,하복티셔츠,덕주,45,"243,000",45,"5,400","243,000"
074-07,74 차이나블루지퍼 4XL,하복티셔츠,덕주,48,"259,200",48,"5,400","259,200"
075-01,75 곤색단추 S,하복티셔츠,덕주,47,"253,800",47,"5,400","253,800"
075-02,75 곤색단추 M,하복티셔츠,덕주,133,"718,200",133,"5,400","718,200"
075-03,75 곤색단추 L,하복티셔츠,덕주,361,"1,949,400",361,"5,400","1,949,400"
075-04,75 곤색단추 XL,하복티셔츠,덕주,323,"1,744,200",323,"5,400","1,744,200"
075-05,75 곤색단추 2XL,하복티셔츠,덕주,253,"1,366,200",253,"5,400","1,366,200"
075-06,75 곤색단추 3XL,하복티셔츠,덕주,86,"464,400",86,"5,400","464,400"
075-07,75 곤색단추 4XL,하복티셔츠,덕주,21,"113,400",21,"5,400","113,400"
076-01,76 블루단추 S,하복티셔츠,덕주,50,"270,000",50,"5,400","270,000"
076-02,76 블루단추 M,하복티셔츠,덕주,175,"945,000",175,"5,400","945,000"
076-03,76 블루단추 L,하복티셔츠,덕주,334,"1,803,600",331,"5,400","1,787,400"
076-04,76 블루단추 XL,하복티셔츠,덕주,268,"1,447,200",263,"5,400","1,420,200"
076-05,76 블루단추 2XL,하복티셔츠,덕주,159,"858,600",157,"5,400","847,800"
076-06,76 블루단추 3XL,하복티셔츠,덕주,101,"545,400",100,"5,400","540,000"
076-07,76 블루단추 4XL,하복티셔츠,덕주,29,"156,600",27,"5,400","145,800"
077-01,77 카라곤색단추 S,하복티셔츠,덕주,91,"518,700",91,"5,700","518,700"
077-02,77 카라곤색단추 M,하복티셔츠,덕주,203,"1,157,100",202,"5,700","1,151,400"
077-03,77 카라곤색단추 L,하복티셔츠,덕주,369,"2,103,300",367,"5,700","2,091,900"
077-04,77 카라곤색단추 XL,하복티셔츠,덕주,223,"1,271,100",213,"5,700","1,214,100"
077-05,77 카라곤색단추 2XL,하복티셔츠,덕주,188,"1,071,600",186,"5,700","1,060,200"
077-06,77 카라곤색단추 3XL,하복티셔츠,덕주,80,"456,000",79,"5,700","450,300"
077-07,77 카라곤색단추 4XL,하복티셔츠,덕주,24,"136,800",22,"5,700","125,400"
078-01,78 카라블루단추 S,하복티셔츠,덕주,85,"484,500",85,"5,700","484,500"
078-02,78 카라블루단추 M,하복티셔츠,덕주,234,"1,333,800",234,"5,700","1,333,800"
078-03,78 카라블루단추 L,하복티셔츠,덕주,319,"1,818,300",319,"5,700","1,818,300"
078-04,78 카라블루단추 XL,하복티셔츠,덕주,255,"1,453,500",255,"5,700","1,453,500"
078-05,78 카라블루단추 2XL,하복티셔츠,덕주,197,"1,122,900",197,"5,700","1,122,900"
078-06,78 카라블루단추 3XL,하복티셔츠,덕주,121,"689,700",121,"5,700","689,700"
078-07,78 카라블루단추 4XL,하복티셔츠,덕주,36,"205,200",36,"5,700","205,200"
079-10,79블루스티치 85,,,1,"5,630",1,"5,630","5,630"
079-11,79블루스티치 90,,,6,"33,780",6,"5,630","33,780"
079-12,79블루스티치 95,,,-9,"-50,670",-9,"5,630","-50,670"
079-13,79블루스티치 100,,,4,"22,520",4,"5,630","22,520"
079-14,79블루스티치  105,,,194,"1,092,220",194,"5,630","1,092,220"
079-15,79블루스티치 110,,,150,"844,500",150,"5,630","844,500"
079-16,79블루스티치 115,,,53,"298,390",53,"5,630","298,390"
079-17,79블루스티치  120,,,15,"84,450",15,"5,630","84,450"
1010-10,1010 티셔츠,,,0,0,0,"5,700",0
1010-11,1010-1 티셔츠,,,0,0,0,"15,500",0
1010-20,1010 망사조끼,,스마트,0,0,0,"5,000",0
1010-21,노란조끼,OEM,,0,0,0,"12,000",0
1010-40,TB304,,,0,0,0,"24,000",0
1010-41,TB584,,,0,0,0,"32,000",0
1010-43,cp901,,,0,0,0,"51,000",0
1010-71,1071 티셔츠,OEM,토토,0,0,0,"8,800",0
1010-72,1072 옥스포드,OEM,자체,0,0,0,"16,080",0
1010-73,1073 티셔츠,OEM,토토,0,0,0,"12,000",0
1010-74,티셔츠1,OEM,토토,0,0,0,"15,500",0
1010-75,티셔츠2,OEM,토토,0,0,0,"13,500",0
1010-802,1010 티셔츠 B,OEM,나염포함,0,0,0,"10,473",0
1010-90,1010 기모 등산바지,,포맨,0,0,0,"7,700",0
1010-91,1010 등산바지 남자,OEM,,0,0,0,"11,000",0
1010-92,1010 등산바지 여자,OEM,,0,0,0,"11,000",0
1010-93,1010 망사조끼,OEM,,0,0,0,"7,000",0
1010-95,1010 기모 티셔츠,OEM,토토,0,0,0,"14,893",0
1010-96,1010 P.K 폴로긴팔,OEM,세화,0,0,0,"5,200",0
1010-99,99도장복임가공,,,0,0,0,"2,000",0
1010-999,999 도장복원단,,,0,0,0,"1,330",0
1010-9999,999 도장복원부자재,,,0,0,0,"4,500",0
102-2-01,102-2상 S,하복작업복,hai,0,0,0,"9,110",0
102-2-02,102-2상 M,하복작업복,hai,0,0,0,"9,110",0
102-2-03,102-2상 L,하복작업복,hai,25,"227,750",25,"9,110","227,750"
102-2-04,102-2상 XL,하복작업복,hai,0,0,0,"9,110",0
102-2-05,102-2상 2XL,하복작업복,hai,0,0,0,"9,110",0
102-2-06,102-2상 3XL,하복작업복,hai,0,0,0,"9,110",0
102-2-07,102-2상 4XL,하복작업복,hai,0,0,0,"9,110",0
1104-01,104상 90,하복작업복,hc,0,0,0,"9,090",0
1104-02,104상 95,하복작업복,hc,2,"18,180",2,"9,090","18,180"
1104-03,104상 100,하복작업복,hc,13,"118,170",13,"9,090","118,170"
1104-04,104상 105,하복작업복,hc,1,"9,090",1,"9,090","9,090"
1104-05,104상 110,하복작업복,hc,1,"9,090",1,"9,090","9,090"
1104-06,104상 115,하복작업복,hc,3,"27,270",3,"9,090","27,270"
1104-07,104상 120,하복작업복,hc,0,0,0,"9,090",0
1104-08,104상 125,하복작업복,hc,0,0,0,"9,090",0
1104-09,104상 130,하복작업복,hc,0,0,0,"9,090",0
1105-01,105j,OEM, ,0,0,0,"9,090",0
1131-01,131 M,하복근무복,HS,109,"1,090,000",101,"10,000","1,010,000"
1131-02,131 L,하복근무복,HS,72,"720,000",55,"10,000","550,000"
1131-03,131 XL,하복근무복,HS,59,"590,000",31,"10,000","310,000"
1131-04,131 2XL,하복근무복,HS,96,"960,000",87,"10,000","870,000"
1131-05,131 3XL,하복근무복,HS,39,"390,000",38,"10,000","380,000"
1131-06,131 4XL,하복근무복,HS,36,"360,000",36,"10,000","360,000"
1133-01,133 M,하복근무복,HS,120,"1,200,000",119,"10,000","1,190,000"
1133-02,133 L,하복근무복,HS,234,"2,340,000",221,"10,000","2,210,000"
1133-03,133 XL,하복근무복,HS,62,"620,000",43,"10,000","430,000"
1133-04,133 2XL,하복근무복,HS,161,"1,610,000",156,"10,000","1,560,000"
1133-05,133 3XL,하복근무복,HS,47,"470,000",43,"10,000","430,000"
1133-06,133 4XL,하복근무복,HS,31,"310,000",31,"10,000","310,000"
1134-01,134상 S,하복작업복,NSL,6,"63,000",3,"10,500","31,500"
1134-02,134상 M,하복작업복,NSL,-2,"-21,000",0,"10,500",0
1134-03,134상 L,하복작업복,NSL,123,"1,291,500",106,"10,500","1,113,000"
1134-04,134상 XL,하복작업복,NSL,139,"1,459,500",124,"10,500","1,302,000"
1134-05,134상 2XL,하복작업복,NSL,44,"462,000",44,"10,500","462,000"
1134-06,134상 3XL,하복작업복,NSL,23,"241,500",22,"10,500","231,000"
1134-07,134상 4XL,하복작업복,NSL,18,"189,000",18,"10,500","189,000"
1135-01,135상 S,하복작업복,NSL,20,"206,000",18,"10,300","185,400"
1135-02,135상 M,하복작업복,NSL,0,0,0,"10,300",0
1135-03,135상 L,하복작업복,NSL,88,"906,400",27,"10,300","278,100"
1135-04,135상 XL,하복작업복,NSL,61,"628,300",6,"10,300","61,800"
1135-05,135상 2XL,하복작업복,NSL,69,"710,700",34,"10,300","350,200"
1135-06,135상 3XL,하복작업복,NSL,117,"1,205,100",97,"10,300","999,100"
1135-07,135상 4XL,하복작업복,NSL,29,"298,700",25,"10,300","257,500"
1136-01,136상 S,하복작업복,NSL,136,"1,332,800",133,"9,800","1,303,400"
1136-02,136상 M,하복작업복,NSL,247,"2,420,600",238,"9,800","2,332,400"
1136-03,136상 L,하복작업복,NSL,390,"3,822,000",385,"9,800","3,773,000"
1136-04,136상 XL,하복작업복,NSL,348,"3,410,400",346,"9,800","3,390,800"
1136-05,136상 2XL,하복작업복,NSL,255,"2,499,000",251,"9,800","2,459,800"
1136-06,136상 3XL,하복작업복,NSL,93,"911,400",93,"9,800","911,400"
1136-07,136상 4XL,하복작업복,NSL,15,"147,000",15,"9,800","147,000"
1137-01,137상 S,하복작업복,HAM,0,0,0,"8,970",0
1137-02,137상 M,하복작업복,HSM,0,0,0,"8,970",0
1137-03,137상 L,하복작업복,HSM,3,"26,910",3,"8,970","26,910"
1137-04,137상 XL,하복작업복,hs2014단가변경,66,"592,020",66,"8,970","592,020"
1137-05,137상 2XL,하복작업복,hsm 2014단가수정,113,"1,013,610",113,"8,970","1,013,610"
1137-06,137상 3XL,하복작업복,NSL,45,"403,650",45,"8,970","403,650"
1137-07,137상 4XL,하복작업복,HSM,0,0,0,"8,970",0
1137-08,137상 5XL,하복작업복,HSM,0,0,0,"8,970",0
1137-09,137-1상,하복작업복,HS,0,0,0,"9,300",0
1137-1-01,137상M S,하복작업복,HSM,36,"322,920",36,"8,970","322,920"
1137-1-02,137상M M,하복작업복,HSM,0,0,0,"8,970",0
1137-1-03,137상M L,하복작업복,HSM,0,0,0,"8,970",0
1137-1-04,137상M XL,하복작업복,HSM,35,"313,950",35,"8,970","313,950"
1137-1-05,137상M 2XL,하복작업복,HSM,28,"251,160",28,"8,970","251,160"
1137-1-06,137상M 3XL,하복작업복,HSM,11,"98,670",11,"8,970","98,670"
1137-1-07,137상M 4XL,하복작업복,HSM,18,"161,460",18,"8,970","161,460"
1137-11,137하 28,하복작업복,hsm 2014단가수정,0,0,0,"6,100",0
1137-12,137하 30,하복작업복,hsm,0,0,0,"6,100",0
1137-13,137하 32,하복작업복,hsm,0,0,0,"6,100",0
1137-14,137하 34,하복작업복,hsm,0,0,0,"6,100",0
1137-15,137하 36,하복작업복,hsm,0,0,0,"6,100",0
1137-16,137하 38,하복작업복,hsm,0,0,0,"6,100",0
1137-17,137하 40,하복작업복,hsm,1,"6,100",1,"6,100","6,100"
1137-18,137하 42,하복작업복,hsm,0,0,0,"6,100",0
1137-19,137하 44,하복작업복,hsm,0,0,0,"6,100",0
1137-20,137-1상 90,하복작업복,HS,0,0,0,"9,360",0
1137-21,137-1상 95,하복작업복,HS,0,0,0,"9,360",0
1137-22,137-1상 100,하복작업복,HS 2014매입가수정,18,"168,480",18,"9,360","168,480"
1137-23,137-1상 105,하복작업복,HS 2014매입가수정,0,0,0,"9,360",0
1137-24,137-1상 110,하복작업복,HS,0,0,0,"9,360",0
1137-25,137-1상 115,하복작업복,HS,8,"74,880",8,"9,360","74,880"
1137-26,137-1상 120,하복작업복,HS,33,"308,880",33,"9,360","308,880"
1137-27,137-1상 125,하복작업복,HS,5,"46,800",5,"9,360","46,800"
117-2,117홑겹내피 95,,,181,"3,439,000",139,"19,000","2,641,000"
117-91,117k 홑겹내피 90,,,0,0,0,"19,000",0
117-92,117k 홑겹내피 95,,,0,0,0,"19,000",0
117-93,117k 홑겹내피 100,,,0,0,0,"19,000",0
117-94,117k 홑겹내피 105,,,0,0,0,"19,000",0
117-95,117k 홑겹내피 110,,,0,0,0,"19,000",0
117-96,117k 홑겹내피 115,,,0,0,0,"19,000",0
117-97,117k 홑겹내피 120,,,0,0,0,"19,000",0
117-98,117k 홑겹내피 125,,,0,0,0,"19,000",0
128-1,128J M,하복근무복,,171,"2,034,900",171,"11,900","2,034,900"
128-2,128J L,하복근무복,,439,"5,224,100",433,"11,900","5,152,700"
128-3,128J XL,하복근무복,,362,"4,307,800",352,"11,900","4,188,800"
128-4,128J 2XL,하복근무복,,179,"2,130,100",173,"11,900","2,058,700"
128-5,128J 3XL,하복근무복,,81,"963,900",77,"11,900","916,300"
129-01,129 M,하복근무복,,127,"1,669,542",126,"13,146","1,656,396"
129-02,129 L,하복근무복,,202,"2,655,492",194,"13,146","2,550,324"
129-03,129 XL,하복근무복,,250,"3,286,500",247,"13,146","3,247,062"
129-04,129 2XL,하복근무복,,130,"1,708,980",129,"13,146","1,695,834"
129-05,129 3XL,하복근무복,,51,"670,446",51,"13,146","670,446"
130-01,130 S,하복근무복,베트남임가공,60,"822,000",60,"13,700","822,000"
130-02,130 M,하복근무복,베트남임가공,152,"2,082,400",145,"13,700","1,986,500"
130-03,130 L,하복근무복,베트남임가공,233,"3,192,100",224,"13,700","3,068,800"
130-04,130 XL,하복근무복,베트남임가공,190,"2,603,000",169,"13,700","2,315,300"
130-05,130 2XL,하복근무복,베트남임가공,107,"1,465,900",90,"13,700","1,233,000"
130-06,130 3XL,하복근무복,베트남임가공,37,"506,900",32,"13,700","438,400"
130-07,130 4XL,하복근무복,베트남임가공,5,"68,500",3,"13,700","41,100"
139-1,139 M,,,123,"1,353,000",115,"11,000","1,265,000"
139-2,139 L,,,287,"3,157,000",275,"11,000","3,025,000"
139-3,139 XL,,,126,"1,386,000",113,"11,000","1,243,000"
139-4,139 2XL,,,136,"1,496,000",132,"11,000","1,452,000"
139-5,139 3XL,,,29,"319,000",25,"11,000","275,000"
140-11,140J  90,,,33,"313,500",25,"9,500","237,500"
140-12,140J  95,,,122,"1,159,000",63,"9,500","598,500"
140-13,140J  100,,,44,"418,000",1,"9,500","9,500"
140-14,140J  105,,,181,"1,719,500",137,"9,500","1,301,500"
140-15,140J  110,,,151,"1,434,500",129,"9,500","1,225,500"
140-16,140J  115,,,75,"712,500",66,"9,500","627,000"
140-17,140J  120,,,25,"237,500",24,"9,500","228,000"
141-01,141상 S,하복작업복,NSL,0,0,0,"9,345",0
141-02,141상 M,하복작업복,HAI,0,0,0,"9,345",0
141-03,141상 L,하복작업복,HAI,0,0,0,"9,345",0
141-04,141상 XL,하복작업복,HAI,0,0,0,"9,345",0
141-05,141상 2XL,하복작업복,HAI,0,0,0,"9,345",0
141-06,141상 3XL,하복작업복,HAI,0,0,0,"9,345",0
141H-01,141-1상 S,하복작업복,HAI,15,"146,550",15,"9,770","146,550"
141H-02,141-1상 M,하복작업복,HAI,-2,"-19,540",0,"9,770",0
141H-03,141-1상 L,하복작업복,HAI,-6,"-58,620",0,"9,770",0
141H-04,141-1상 XL,하복작업복,HAI,0,0,0,"9,770",0
141H-05,141-1상 2XL,하복작업복,HAI,0,0,0,"9,770",0
141H-06,141-1상 3XL,하복작업복,HAI,0,0,0,"9,770",0
191-1,191 S,특수복,,0,0,0,"10,580",0
191-2,191 M,특수복,,0,0,0,"10,580",0
191-3,191 L,특수복,,-1,"-10,580",-1,"10,580","-10,580"
191-4,191 XL,특수복,,1,"10,580",1,"10,580","10,580"
191-5,191 2XL,특수복,,0,0,0,"10,580",0
191-6,191 3XL,특수복,,11,"116,380",11,"10,580","116,380"
202-1,202 M,동복근무복,,0,0,0,"17,000",0
202-2,202 L,동복근무복,,2,"34,000",2,"17,000","34,000"
202-3,202 XL,동복근무복,,1,"17,000",1,"17,000","17,000"
202-4,202 2XL,동복근무복,,0,0,0,"17,000",0
202-5,202 3XL,동복근무복,,2,"34,000",2,"17,000","34,000"
203-1,203 M,동복근무복,,23,"469,200",22,"20,400","448,800"
203-2,203 L,동복근무복,,49,"999,600",46,"20,400","938,400"
203-3,203 XL,동복근무복,,3,"61,200",3,"20,400","61,200"
203-4,203 2XL,동복근무복,,18,"367,200",18,"20,400","367,200"
203-5,203 3XL,동복근무복,,0,0,0,"20,400",0
204-1,204 M,동복근무복,,50,"654,000",10,"13,080","130,800"
204-2,204 L,동복근무복,,91,"1,190,280",10,"13,080","130,800"
204-3,204 XL,동복근무복,,30,"392,400",11,"13,080","143,880"
204-4,204 2XL,동복근무복,,2,"26,160",0,"13,080",0
204-5,204 3XL,동복근무복,,12,"156,960",9,"13,080","117,720"
205-1,205 M,동복근무복,,21,"348,600",0,"16,600",0
205-2,205 L,동복근무복,,27,"448,200",0,"16,600",0
205-3,205 XL,동복근무복,,1,"16,600",0,"16,600",0
205-4,205 2XL,동복근무복,,16,"265,600",0,"16,600",0
205-5,205 3XL,동복근무복,,0,0,0,"16,600",0
206-1,206 M,동복근무복,,104,"1,352,000",98,"13,000","1,274,000"
206-2,206 L,동복근무복,,198,"2,574,000",182,"13,000","2,366,000"
206-3,206 XL,동복근무복,,179,"2,327,000",175,"13,000","2,275,000"
206-4,206 2XL,동복근무복,,83,"1,079,000",73,"13,000","949,000"
206-5,206 3XL,동복근무복,,1,"13,000",1,"13,000","13,000"
208-1,208 M,,nsl,111,"1,860,360",89,"16,760","1,491,640"
208-2,208 L,,nsl,212,"3,553,120",151,"16,760","2,530,760"
208-3,208 XL,,nsl,127,"2,128,520",50,"16,760","838,000"
208-4,208 2XL,,nsl,108,"1,810,080",69,"16,760","1,156,440"
208-5,208 3XL,,nsl,47,"787,720",16,"16,760","268,160"
212-1,212 M,동복근무복,,124,"2,790,000",112,"22,500","2,520,000"
212-2,212 L,동복근무복,,175,"3,937,500",126,"22,500","2,835,000"
212-3,212 XL,동복근무복,,256,"5,760,000",209,"22,500","4,702,500"
212-4,212 2XL,동복근무복,,126,"2,835,000",108,"22,500","2,430,000"
212-5,212 3XL,동복근무복,,35,"787,500",26,"22,500","585,000"
213-1,213J  S,동복근무복,,37,"731,120",36,"19,760","711,360"
213-2,213J  M,동복근무복,,270,"5,335,200",270,"19,760","5,335,200"
213-3,213J  L,동복근무복,,474,"9,366,240",474,"19,760","9,366,240"
213-4,213J  XL,동복근무복,,401,"7,923,760",401,"19,760","7,923,760"
213-5,213J  2XL,동복근무복,,196,"3,872,960",193,"19,760","3,813,680"
213-6,213J  3XL,동복근무복,,58,"1,146,080",58,"19,760","1,146,080"
215-0,215 S,동복근무복,,0,0,0,"18,700",0
215-1,215 M,동복근무복,,46,"860,200",23,"18,700","430,100"
215-2,215 L,동복근무복,,140,"2,618,000",99,"18,700","1,851,300"
215-3,215 XL,동복근무복,,81,"1,514,700",42,"18,700","785,400"
215-4,215 2XL,동복근무복,,126,"2,356,200",114,"18,700","2,131,800"
215-5,215 3XL,동복근무복,,24,"448,800",17,"18,700","317,900"
216-0,216  S,동복근무복,효성,48,"729,600",48,"15,200","729,600"
216-1,216  M,동복근무복,효성,279,"4,240,800",233,"15,200","3,541,600"
216-2,216  L,동복근무복,효성,533,"8,101,600",471,"15,200","7,159,200"
216-3,216  XL,동복근무복,효성,271,"4,119,200",206,"15,200","3,131,200"
216-4,216  2XL,동복근무복,효성,88,"1,337,600",208,"15,200","3,161,600"
216-5,216  3XL,동복근무복,효성,48,"729,600",144,"15,200","2,188,800"
216-6,216  4XL,동복근무복,효성,0,0,19,"15,200","288,800"
217-0,217  S,동복근무복,효성,86,"1,307,200",82,"15,200","1,246,400"
217-1,217  M,동복근무복,효성,392,"5,958,400",357,"15,200","5,426,400"
217-2,217  L,동복근무복,효성,408,"6,201,600",297,"15,200","4,514,400"
217-3,217  XL,동복근무복,효성,49,"744,800",20,"15,200","304,000"
217-4,217  2XL,동복근무복,효성,0,0,27,"15,200","410,400"
217-5,217  3XL,동복근무복,효성,19,"288,800",67,"15,200","1,018,400"
217-6,217  4XL,동복근무복,효성,0,0,10,"15,200","152,000"
218-0,218  S,동복근무복,효성,43,"638,550",39,"14,850","579,150"
218-1,218  M,동복근무복,효성,289,"4,291,650",275,"14,850","4,083,750"
218-2,218  L,동복근무복,효성,382,"5,672,700",354,"14,850","5,256,900"
218-3,218  XL,동복근무복,효성,246,"3,653,100",215,"14,850","3,192,750"
218-4,218  2XL,동복근무복,효성,36,"534,600",108,"14,850","1,603,800"
218-5,218  3XL,동복근무복,효성,6,"89,100",76,"14,850","1,128,600"
218-6,218  4XL,동복근무복,효성,0,0,15,"14,850","222,750"
219-0,219  S,동복근무복,효성,36,"534,600",34,"14,850","504,900"
219-1,219  M,동복근무복,효성,320,"4,752,000",303,"14,850","4,499,550"
219-2,219  L,동복근무복,효성,532,"7,900,200",510,"14,850","7,573,500"
219-3,219  XL,동복근무복,효성,391,"5,806,350",368,"14,850","5,464,800"
219-4,219  2XL,동복근무복,효성,191,"2,836,350",305,"14,850","4,529,250"
219-5,219  3XL,동복근무복,효성,79,"1,173,150",133,"14,850","1,975,050"
219-6,219  4XL,동복근무복,효성,0,0,19,"17,500","332,500"
220-1,220 퀼팅사파리 S,,,0,0,5,"21,900","109,500"
220-2,220 퀼팅사파리 M,,,0,0,99,"21,900","2,168,100"
220-3,220 퀼팅사파리 L,,,0,0,259,"21,900","5,672,100"
220-4,220 퀼팅사파리 XL,,,0,0,256,"21,900","5,606,400"
220-5,220 퀼팅사파리 2XL,,,0,0,179,"21,900","3,920,100"
220-6,220 퀼팅사파리 3XL,,,0,0,97,"21,900","2,124,300"
220-7,220 퀼팅사파리 4XL,,,0,0,19,"21,900","416,100"
232-21,9232M중공업점퍼 90,동복점퍼,NSL,31,"429,660",31,"13,860","429,660"
232-22,9232M중공업점퍼 95,동복점퍼,NSL,0,0,0,"13,860",0
232-23,9232M중공업점퍼 100,동복점퍼,NSL,2,"27,720",2,"13,860","27,720"
232-24,9232M중공업점퍼 105,동복점퍼,NSL,0,0,0,"13,860",0
232-25,9232M중공업점퍼 110,동복점퍼,NSL,23,"318,780",23,"13,860","318,780"
232-26,9232M중공업점퍼 115,동복점퍼,NSL,16,"221,760",16,"13,860","221,760"
232-27,9232M중공업점퍼 120,동복점퍼,NSL,0,0,0,"13,860",0
232-28,9232M중공업점퍼 125,동복점퍼,NSL,3,"41,580",3,"13,860","41,580"
234-1,234 M,동복근무복,,0,0,0,"14,000",0
234-2,234 L,동복근무복,,227,"3,178,000",0,"14,000",0
234-3,234 XL,동복근무복,,0,0,0,"14,000",0
234-4,234 2XL,동복근무복,,53,"742,000",0,"14,000",0
234-5,234 3XL,동복근무복,,0,0,0,"14,000",0
235-0,235 S,동복근무복,,100,"1,300,000",87,"13,000","1,131,000"
235-1,235 M,동복근무복,,125,"1,625,000",58,"13,000","754,000"
235-2,235 L,동복근무복,,234,"3,042,000",120,"13,000","1,560,000"
235-3,235 XL,동복근무복,,233,"3,029,000",158,"13,000","2,054,000"
235-4,235 2XL,동복근무복,,64,"832,000",112,"13,000","1,456,000"
235-5,235 3XL,동복근무복,,51,"663,000",94,"13,000","1,222,000"
235-6,235 4XL,동복근무복,,1,"13,000",6,"13,000","78,000"
238-1,238 M,동복근무복,,97,"1,261,000",67,"13,000","871,000"
238-2,238 L,동복근무복,,408,"5,304,000",373,"13,000","4,849,000"
238-3,238 XL,동복근무복,,176,"2,288,000",152,"13,000","1,976,000"
238-4,238 2XL,동복근무복,,77,"1,001,000",59,"13,000","767,000"
238-5,238 3XL,동복근무복,,87,"1,131,000",78,"13,000","1,014,000"
239-0,239 S,동복근무복,,24,"331,200",34,"13,800","469,200"
239-1,239 M,동복근무복,,0,0,198,"13,800","2,732,400"
239-2,239 L,동복근무복,,0,0,104,"13,800","1,435,200"
239-3,239 XL,동복근무복,,-1,"-13,800",137,"13,800","1,890,600"
239-4,239 2XL,동복근무복,,48,"662,400",98,"13,800","1,352,400"
239-5,239 3XL,동복근무복,,29,"400,200",74,"13,800","1,021,200"
239-6,239 4XL,동복근무복,,12,"165,600",28,"13,800","386,400"
240-1,240  S,동복점퍼,,35,"529,200",31,"15,120","468,720"
240-2,240  M,동복점퍼,,95,"1,436,400",64,"15,120","967,680"
240-3,240  L,동복점퍼,,201,"3,039,120",113,"15,120","1,708,560"
240-4,240  XL,동복점퍼,,221,"3,341,520",126,"15,120","1,905,120"
240-5,240  2XL,동복점퍼,,137,"2,071,440",87,"15,120","1,315,440"
240-6,240  3XL,동복점퍼,,51,"771,120",32,"15,120","483,840"
240-7,240  4XL,동복점퍼,,5,"75,600",2,"15,120","30,240"
241-0,241 S,동복점퍼,,19,"239,400",33,"12,600","415,800"
241-1,241 M,동복점퍼,,0,0,120,"12,600","1,512,000"
241-2,241 L,동복점퍼,,0,0,292,"12,600","3,679,200"
241-3,241 XL,동복점퍼,,0,0,269,"12,600","3,389,400"
241-4,241 2XL,동복점퍼,,42,"529,200",163,"12,600","2,053,800"
241-5,241 3XL,동복점퍼,,0,0,59,"12,600","743,400"
241-6,241 4XL,동복점퍼,,2,"25,200",17,"12,600","214,200"
245-0,245  S,동복점퍼,,11,"165,000",22,"15,000","330,000"
245-1,245  M,동복점퍼,,25,"375,000",110,"15,000","1,650,000"
245-2,245  L,동복점퍼,,5,"75,000",195,"15,000","2,925,000"
245-3,245  XL,동복점퍼,,84,"1,260,000",69,"15,000","1,035,000"
245-4,245  2XL,동복점퍼,,0,0,25,"15,000","375,000"
245-5,245  3XL,동복점퍼,,0,0,64,"15,000","960,000"
245-6,245  4XL,동복점퍼,,9,"135,000",8,"15,000","120,000"
248-11,248신형 90,동복점퍼,HS,0,0,0,"19,670",0
248-12,248신형 95,동복점퍼,HS,0,0,0,"19,670",0
248-13,248신형 100,동복점퍼,HS,-1,"-19,670",-1,"19,670","-19,670"
248-14,248신형 105,동복점퍼,HS,0,0,0,"19,670",0
248-15,248신형 110,동복점퍼,HS,10,"196,700",10,"19,670","196,700"
248-16,248신형 115,동복점퍼,HS,0,0,0,"19,670",0
248-17,248신형 120,동복점퍼,HS,0,0,0,"16,960",0
250-0,250  S,동복근무복,,38,"543,400",38,"14,300","543,400"
250-1,250  M,동복근무복,,145,"2,073,500",125,"14,300","1,787,500"
250-2,250  L,동복근무복,,62,"886,600",0,"14,300",0
250-3,250  XL,동복근무복,,146,"2,087,800",57,"14,300","815,100"
250-4,250  2XL,동복근무복,,57,"835,050",4,"14,650","58,600"
250-5,250  3XL,동복근무복,,12,"171,600",0,"14,300",0
252-0,252 S,동복근무복,,69,"917,700",63,"13,300","837,900"
252-1,252  M,동복근무복,,238,"3,165,400",183,"13,300","2,433,900"
252-2,252  L,동복근무복,,95,"1,263,500",183,"13,300","2,433,900"
252-3,252  XL,동복근무복,,25,"332,500",145,"13,300","1,928,500"
252-4,252  2XL,동복근무복,,1,"13,300",27,"13,300","359,100"
252-5,252  3XL,동복근무복,,4,"53,200",24,"13,300","319,200"
252-6,252  4XL,동복근무복,,7,"93,100",12,"13,300","159,600"
255-0,255 S,동복근무복,수미,70,"1,008,000",53,"14,400","763,200"
255-1,255  M,동복근무복,수미,184,"2,649,600",170,"14,400","2,448,000"
255-2,255  L,동복근무복,수미,152,"2,188,800",126,"14,400","1,814,400"
255-3,255  XL,동복근무복,수미,224,"3,225,600",49,"14,400","705,600"
255-4,255  2XL,동복근무복,수미,168,"2,419,200",14,"14,400","201,600"
255-5,255  3XL,동복근무복,수미,0,0,3,"14,400","43,200"
255-6,255  4XL,동복근무복,수미,14,"201,600",4,"14,400","57,600"
257-0,257 S,,NSL,36,"532,800",35,"14,800","518,000"
257-1,257 M,,NSL,128,"1,894,400",112,"14,800","1,657,600"
257-2,257 L,,NSL,93,"1,376,400",135,"14,800","1,998,000"
257-3,257 XL,,NSL,0,0,229,"14,800","3,389,200"
257-4,257 2XL,,NSL,78,"1,154,400",65,"14,800","962,000"
257-5,257 3XL,,NSL,4,"59,200",27,"14,800","399,600"
257-6,257 4XL,,NSL,0,0,13,"17,300","224,900"
258-0,258 S,,NSL,76,"1,155,200",73,"15,200","1,109,600"
258-1,258 M,,NSL,213,"3,237,600",245,"15,200","3,724,000"
258-2,258 L,,NSL,169,"2,568,800",149,"15,200","2,264,800"
258-3,258 XL,,NSL,69,"1,048,800",43,"15,200","653,600"
258-4,258 2XL,,NSL,-1,"-15,200",28,"15,200","425,600"
258-5,258 3XL,,NSL,15,"228,000",33,"15,200","501,600"
258-6,258 4XL,,NSL,12,"182,400",11,"15,200","167,200"
259-0,259 S,,NSL,23,"347,300",31,"15,100","468,100"
259-1,259 M,,NSL,47,"709,700",115,"15,100","1,736,500"
259-2,259 L,,NSL,93,"1,404,300",85,"15,100","1,283,500"
259-3,259 XL,,NSL,168,"2,536,800",133,"15,100","2,008,300"
259-4,259 2XL,,NSL,90,"1,359,000",31,"15,100","468,100"
259-5,259 3XL,,NSL,0,0,4,"15,100","60,400"
259-6,259 4XL,,NSL,6,"90,600",4,"15,100","60,400"
260-1,260 퀼팅시보리 S,,,0,0,0,"20,000",0
260-2,260 퀼팅시보리 M,,,0,0,52,"20,000","1,040,000"
260-3,260 퀼팅시보리 L,,,0,0,196,"20,000","3,920,000"
260-4,260 퀼팅시보리 XL,,,0,0,219,"20,000","4,380,000"
260-5,260 퀼팅시보리 2XL,,,0,0,159,"20,000","3,180,000"
260-6,260 퀼팅시보리 3XL,,,0,0,90,"20,000","1,800,000"
260-7,260 퀼팅시보리 4XL,,,0,0,15,"20,000","300,000"
290-1,590 곤색퀼팅 S,,,0,0,5,"18,000","90,000"
290-2,590 곤색퀼팅 M,,,0,0,82,"18,000","1,476,000"
290-3,590 곤색퀼팅 L,,,0,0,208,"18,000","3,744,000"
290-4,590 곤색퀼팅 XL,,,0,0,80,"18,000","1,440,000"
290-5,590 곤색퀼팅 2XL,,,0,0,106,"18,000","1,908,000"
290-6,590 곤색퀼팅 3XL,,,0,0,18,"18,000","324,000"
290-7,590 곤색퀼팅 4XL,,,0,0,9,"18,000","162,000"
290-8,590 곤색퀼팅 5XL,,,0,0,0,"18,000",0
300-01,300상 S,사계절작업복,NSL,157,"1,727,000",157,"11,000","1,727,000"
300-02,300상 M,사계절작업복,NSL,331,"3,641,000",329,"11,000","3,619,000"
300-03,300상 L,사계절작업복,NSL,606,"7,090,200",598,"11,700","6,996,600"
300-04,300상 XL,사계절작업복,NSL,231,"2,772,000",225,"12,000","2,700,000"
300-05,300상 2XL,사계절작업복,NSL,147,"1,719,900",140,"11,700","1,638,000"
300-06,300상 3XL,사계절작업복,NSL,41,"479,700",37,"11,700","432,900"
301-01,301상 S,사계절작업복,WHP,36,"360,000",36,"10,000","360,000"
301-02,301상 M,사계절작업복,WHP,120,"1,200,000",109,"10,000","1,090,000"
301-03,301상 L,사계절작업복,WHP,108,"1,080,000",47,"10,000","470,000"
301-04,301상 XL,사계절작업복,WHP,126,"1,260,000",61,"10,000","610,000"
301-05,301상 2XL,사계절작업복,WHP,181,"1,810,000",151,"10,000","1,510,000"
301-06,301상 3XL,사계절작업복,WHP,133,"1,330,000",124,"10,000","1,240,000"
302-01,302상 S,사계절작업복,WHP,80,"920,000",78,"11,500","897,000"
302-02,302상 M,사계절작업복,WHP,158,"1,817,000",146,"11,500","1,679,000"
302-03,302상 L,사계절작업복,WHP,204,"2,346,000",162,"11,500","1,863,000"
302-04,302상 XL,사계절작업복,WHP,243,"2,794,500",186,"11,500","2,139,000"
302-05,302상 2XL,사계절작업복,WHP,129,"1,483,500",89,"11,500","1,023,500"
302-07,302상 3XL,사계절작업복,WHP,50,"575,000",48,"11,500","552,000"
302-08,302상 4XL,사계절작업복,WHP,27,"310,500",26,"11,500","299,000"
313-1,313상 S,사계절작업복,H-M,28,"338,100",27,"12,075","326,025"
313-2,313상 M,사계절작업복,H-M,185,"2,233,875",183,"12,075","2,209,725"
313-3,313상 L,사계절작업복,H-M,350,"4,226,250",346,"12,075","4,177,950"
313-4,313상 XL,사계절작업복,H-M,382,"4,612,650",376,"12,075","4,540,200"
313-5,313상  2XL,사계절작업복,H-M,253,"3,054,975",245,"12,075","2,958,375"
313-6,313상  3XL,사계절작업복,H-M,116,"1,400,700",111,"12,075","1,340,325"
313-7,313상  4XL,사계절작업복,H-M,38,"458,850",38,"12,075","458,850"
314-01,314상 S,사계절작업복,WHP,48,"552,000",43,"11,500","494,500"
314-02,314상 M,사계절작업복,WHP,203,"2,334,500",109,"11,500","1,253,500"
314-03,314상 L,사계절작업복,WHP,233,"2,679,500",58,"11,500","667,000"
314-04,314상 XL,사계절작업복,WHP,158,"1,817,000",11,"11,500","126,500"
314-05,314상 2XL,사계절작업복,WHP,114,"1,311,000",35,"11,500","402,500"
314-06,314상 3XL,사계절작업복,WHP,93,"1,069,500",63,"11,500","724,500"
314-07,314상 4XL,사계절작업복,WHP,5,"57,500",3,"11,500","34,500"
315-01,315상 S,사계절작업복,WHP,142,"1,420,000",142,"10,000","1,420,000"
315-02,315상 M,사계절작업복,WHP,446,"4,460,000",444,"10,000","4,440,000"
315-03,315상 L,사계절작업복,WHP,765,"7,650,000",763,"10,000","7,630,000"
315-04,315상 XL,사계절작업복,WHP,442,"4,420,000",429,"10,000","4,290,000"
315-05,315상 2XL,사계절작업복,WHP,218,"2,180,000",208,"10,000","2,080,000"
315-06,315상 3XL,사계절작업복,WHP,12,"120,000",1,"10,000","10,000"
319-01,319상 S,사계절작업복,WHP,115,"1,196,000",115,"10,400","1,196,000"
319-02,319상 M,사계절작업복,WHP,259,"2,693,600",240,"10,400","2,496,000"
319-03,319상 L,사계절작업복,WHP,370,"3,848,000",303,"10,400","3,151,200"
319-04,319상 XL,사계절작업복,WHP,374,"3,889,600",334,"10,400","3,473,600"
319-05,319상 2XL,사계절작업복,WHP,195,"2,028,000",170,"10,400","1,768,000"
319-06,319상 3XL,사계절작업복,WHP,67,"696,800",59,"10,400","613,600"
319-07,319상 4XL,사계절작업복,WHP,23,"239,200",23,"10,400","239,200"
320-01,320상 S,사계절작업복,WHP,89,"890,000",89,"10,000","890,000"
320-02,320상 M,사계절작업복,WHP,174,"1,740,000",172,"10,000","1,720,000"
320-03,320상 L,사계절작업복,WHP,275,"2,750,000",265,"10,000","2,650,000"
320-04,320상 XL,사계절작업복,WHP,326,"3,260,000",303,"10,000","3,030,000"
320-05,320상 2XL,사계절작업복,WHP,196,"1,960,000",191,"10,000","1,910,000"
320-06,320상 3XL,사계절작업복,WHP,79,"790,000",79,"10,000","790,000"
320-07,320상 4XL,사계절작업복,WHP,26,"260,000",26,"10,000","260,000"
411-10,411상 S,청지류하복,DICK,47,"540,500",44,"11,500","506,000"
411-12,411상 M,청지류하복,dick,69,"793,500",63,"11,500","724,500"
411-13,411상 L,청지류하복,dick,57,"655,500",43,"11,500","494,500"
411-14,411상 XL,청지류하복,dick,78,"897,000",62,"11,500","713,000"
411-15,411상 2XL,청지류하복,dick,0,0,0,"11,500",0
411-16,411상 3XL,청지류하복,dick,14,"161,000",9,"11,500","103,500"
411-17,411상 4XL,청지류하복,dick,7,"80,500",7,"11,500","80,500"
411-21,411하 28,청지류하복,dick,6,"49,200",6,"8,200","49,200"
411-22,411하 30,청지류하복,dick,47,"385,400",42,"8,200","344,400"
411-23,411하 32,청지류하복,dick,102,"836,400",92,"8,200","754,400"
411-24,411하 34,청지류하복,dick,0,0,0,"8,200",0
411-25,411하 36,청지류하복,dick,0,0,0,"8,200",0
411-26,411하 38,청지류하복,dick,78,"639,600",78,"8,200","639,600"
411-27,411하 40,청지류하복,dick,24,"196,800",24,"8,200","196,800"
411-28,411하 42,청지류하복,dick,30,"246,000",30,"8,200","246,000"
411-29,411하 44,청지류하복,dick,11,"90,200",11,"8,200","90,200"
450-1,450차이나 S,청지류남방,수미,20,"192,000",20,"9,600","192,000"
450-2,450차이나 M,청지류남방,수미,78,"748,800",77,"9,600","739,200"
450-3,450차이나 L,청지류남방,수미,167,"1,603,200",163,"9,600","1,564,800"
450-4,450차이나 XL,청지류남방,수미,266,"2,553,600",261,"9,600","2,505,600"
450-5,450차이나 2XL,청지류남방,수미,168,"1,612,800",165,"9,600","1,584,000"
450-6,450차이나 3XL,청지류남방,수미,58,"556,800",51,"9,600","489,600"
450-7,450차이나 4XL,청지류남방,수미,18,"172,800",17,"9,600","163,200"
451-11,451 S,청지류남방,DICK,82,"629,760",80,"7,680","614,400"
451-12,451 M,청지류남방,DICK,234,"1,797,120",255,"7,680","1,958,400"
451-13,451 L,청지류남방,DICK,154,"1,182,720",654,"7,680","5,022,720"
451-14,451 XL,청지류남방,DICK,236,"1,812,480","1,073","7,680","8,240,640"
451-15,451 2XL,청지류남방,DICK,162,"1,244,160",755,"7,680","5,798,400"
451-16,451 3XL,청지류남방,DICK,59,"453,120",377,"7,680","2,895,360"
451-17,451 4XL,청지류남방,DICK,35,"268,800",73,"7,680","560,640"
451-18,451 5XL,청지류남방,DICK,0,0,20,"7,680","153,600"
452-11,452 S,청지류남방,,86,"704,340",79,"8,190","647,010"
452-12,452 M,청지류남방,,523,"4,283,370",472,"8,190","3,865,680"
452-13,452 L,청지류남방,,"1,010","8,271,900",897,"8,190","7,346,430"
452-14,452 XL,청지류남방,,303,"2,481,570",137,"8,190","1,122,030"
452-15,452 2XL,청지류남방,,828,"6,781,320",696,"8,190","5,700,240"
452-16,452 3XL,청지류남방,,128,"1,048,320",105,"8,190","859,950"
452-17,452 4XL,청지류남방,,10,"81,900",2,"8,190","16,380"
453-11,453 S,청지류남방,,80,"656,000",80,"8,200","656,000"
453-12,453 M,청지류남방,,230,"1,886,000",411,"8,200","3,370,200"
453-13,453 L,청지류남방,,465,"3,813,000",827,"8,200","6,781,400"
453-14,453 XL,청지류남방,,593,"4,862,600","1,023","8,200","8,388,600"
453-15,453 2XL,청지류남방,,195,"1,599,000",687,"8,200","5,633,400"
453-16,453 3XL,청지류남방,,65,"533,000",241,"8,200","1,976,200"
453-17,453 4XL,청지류남방,,26,"213,200",59,"8,200","483,800"
454-1,454S S,,수미,58,"490,100",58,"8,450","490,100"
454-2,454S M,,수미,204,"1,723,800",204,"8,450","1,723,800"
454-3,454S L,,수미,469,"3,963,050",468,"8,450","3,954,600"
454-4,454S XL,,수미,572,"4,833,400",568,"8,450","4,799,600"
454-5,454S 2XL,,수미,242,"2,044,900",241,"8,450","2,036,450"
454-6,454S 3XL,,수미,73,"616,850",73,"8,450","616,850"
454-7,454S 4XL,,수미,13,"109,850",13,"8,450","109,850"
455-1,455S청스판 S,,수미,59,"448,400",59,"7,600","448,400"
455-2,455S청스판 M,,수미,83,"630,800",83,"7,600","630,800"
455-3,455S청스판 L,,수미,252,"1,915,200",252,"7,600","1,915,200"
455-4,455S청스판 XL,,수미,345,"2,622,000",340,"7,600","2,584,000"
455-5,455S청스판 2XL,,수미,67,"509,200",67,"7,600","509,200"
455-6,455S청스판 3XL,,수미,46,"349,600",44,"7,600","334,400"
455-7,455S청스판 4XL,,수미,9,"68,400",9,"7,600","68,400"
456-1,456 패딩셔츠 S,청지류남방,수미,-2,"-23,380",0,"11,690",0
456-2,456 패딩셔츠 M,청지류남방,수미,63,"736,470",22,"11,690","257,180"
456-3,456 패딩셔츠  L,청지류남방,수미,269,"3,144,610",191,"11,690","2,232,790"
456-4,456 패딩셔츠  XL,청지류남방,수미,348,"4,068,120",284,"11,690","3,319,960"
456-5,456 패딩셔츠  2XL,청지류남방,수미,163,"1,905,470",126,"11,690","1,472,940"
456-6,456 패딩셔츠  3XL,청지류남방,수미,93,"1,087,170",72,"11,690","841,680"
456-7,456 패딩셔츠  4XL,청지류남방,수미,19,"222,110",13,"11,690","151,970"
457-1,KJ-1Y S,청지류남방,수미,6,"76,440",0,"12,740",0
457-2,KJ-1Y  M,청지류남방,수미,23,"293,020",0,"12,740",0
457-3,KJ-1Y  L,청지류남방,수미,41,"522,340",2,"12,740","25,480"
457-4,KJ-1Y  XL,청지류남방,수미,18,"229,320",-2,"12,740","-25,480"
457-5,KJ-1Y  2XL,청지류남방,수미,36,"458,640",0,"12,740",0
457-6,KJ-1Y  3XL,청지류남방,수미,3,"38,220",0,"12,740",0
475-11,475상 S,청지류동복,해청,32,"384,000",27,"12,000","324,000"
475-12,475상 M,청지류동복,해청,251,"3,012,000",213,"12,000","2,556,000"
475-13,475상 L,청지류동복,해청,204,"2,448,000",25,"12,000","300,000"
475-14,475상 XL,청지류동복,해청,230,"2,760,000",76,"12,000","912,000"
475-15,475상 2XL,청지류동복,해청,92,"1,104,000",4,"12,000","48,000"
475-16,475상 3XL,청지류동복,해청,114,"1,368,000",79,"12,000","948,000"
475-17,475상 4XL,청지류동복,해청,74,"888,000",74,"12,000","888,000"
475-21,475하 28,청지류동복,해청,41,"294,790",32,"7,190","230,080"
475-22,475하 30,청지류동복,해청,29,"208,510",8,"7,190","57,520"
475-23,475하 32,청지류동복,해청,64,"460,160",2,"7,190","14,380"
475-24,475하 34,청지류동복,해청,171,"1,229,490",22,"7,190","158,180"
475-25,475하 36,청지류동복,해청,143,"1,028,170",86,"7,190","618,340"
475-26,475하 38,청지류동복,해청,34,"244,460",16,"7,190","115,040"
475-27,475하 40,청지류동복,,68,"488,920",53,"7,190","381,070"
475-28,475하 42,청지류동복,해청,34,"244,460",28,"7,190","201,320"
501-01,501 곤색 S,하복조끼,M,96,"576,000",96,"6,000","576,000"
501-02,501 곤색 M,하복조끼,M,264,"1,584,000",264,"6,000","1,584,000"
501-03,501 곤색 L,하복조끼,M,300,"1,800,000",300,"6,000","1,800,000"
501-04,501 곤색 XL,하복조끼,M,378,"2,268,000",378,"6,000","2,268,000"
501-05,501 곤색 2XL,하복조끼,M,202,"1,212,000",202,"6,000","1,212,000"
501-06,501 곤색 3XL,하복조끼,M,53,"318,000",53,"6,000","318,000"
502-01,502 블루 S,하복조끼,M,46,"276,000",45,"6,000","270,000"
502-02,502 블루 M,하복조끼,M,168,"1,008,000",167,"6,000","1,002,000"
502-03,502 블루 L,하복조끼,M,324,"1,944,000",323,"6,000","1,938,000"
502-04,502 블루 XL,하복조끼,M,320,"1,920,000",320,"6,000","1,920,000"
502-05,502 블루 2XL,하복조끼,M,219,"1,314,000",218,"6,000","1,308,000"
502-06,502 블루 3XL,하복조끼,M,90,"540,000",90,"6,000","540,000"
505-01,505 곤색 S,하복조끼,M,121,"738,100",121,"6,100","738,100"
505-02,505 곤색 M,하복조끼,M,54,"329,400",46,"6,100","280,600"
505-03,505 곤색 L,하복조끼,M,202,"1,232,200",193,"6,100","1,177,300"
505-04,505 곤색 XL,하복조끼,M,35,"213,500",24,"6,100","146,400"
505-05,505 곤색 2XL,하복조끼,M,38,"231,800",32,"6,100","195,200"
505-06,505 곤색 3XL,하복조끼,M,38,"231,800",35,"6,100","213,500"
511-01,511 곤색 S,하복조끼,M,73,"489,100",73,"6,700","489,100"
511-02,511 곤색 M,하복조끼,M,136,"911,200",136,"6,700","911,200"
511-03,511 곤색 L,하복조끼,M,311,"2,083,700",311,"6,700","2,083,700"
511-04,511 곤색 XL,하복조끼,M,192,"1,286,400",191,"6,700","1,279,700"
511-05,511 곤색 2XL,하복조끼,M,139,"931,300",139,"6,700","931,300"
511-06,511 곤색 3XL,하복조끼,M,56,"375,200",56,"6,700","375,200"
511-07,511 곤색 4XL,하복조끼,M,12,"80,400",12,"6,700","80,400"
512-01,512 블루 S,하복조끼,M,7,"45,500",7,"6,500","45,500"
512-02,512 블루 M,하복조끼,M,148,"962,000",148,"6,500","962,000"
512-03,512 블루 L,하복조끼,M,354,"2,301,000",350,"6,500","2,275,000"
512-04,512 블루 XL,하복조끼,M,348,"2,262,000",348,"6,500","2,262,000"
512-05,512 블루 2XL,하복조끼,M,136,"884,000",136,"6,500","884,000"
512-06,512 블루 3XL,하복조끼,M,44,"286,000",44,"6,500","286,000"
515-01,515 곤색 S,하복조끼,M,42,"281,400",38,"6,700","254,600"
515-02,515 곤색 M,하복조끼,M,116,"777,200",98,"6,700","656,600"
515-03,515 곤색 L,하복조끼,M,341,"2,284,700",283,"6,700","1,896,100"
515-04,515 곤색 XL,하복조끼,M,369,"2,472,300",335,"6,700","2,244,500"
515-05,515 곤색 2XL,하복조끼,M,195,"1,306,500",174,"6,700","1,165,800"
515-06,515 곤색 3XL,하복조끼,M,83,"556,100",72,"6,700","482,400"
515-07,515 곤색 4XL,하복조끼,M,6,"40,200",5,"6,700","33,500"
518-01,518 곤색 S,하복조끼,M,0,0,0,"6,200",0
518-02,518 곤색 M,하복조끼,M,0,0,0,"6,200",0
518-03,518 곤색 L,하복조끼,M,-1,"-6,200",-1,"6,200","-6,200"
518-04,518 곤색 XL,하복조끼,M,-3,"-18,600",-3,"6,200","-18,600"
518-05,518 곤색 2XL,하복조끼,M,0,0,0,"6,200",0
518-06,518 곤색 3XL,하복조끼,M,1,"6,200",1,"6,200","6,200"
518-07,518 곤색 4XL,하복조끼,M,0,0,0,"6,200",0
519-11,519pen  S,하복조끼,,35,"231,000",34,"6,600","224,400"
519-12,519pen  M,하복조끼,,153,"1,009,800",153,"6,600","1,009,800"
519-13,519pen  L,하복조끼,,349,"2,303,400",349,"6,600","2,303,400"
519-14,519pen  XL,하복조끼,,289,"1,907,400",288,"6,600","1,900,800"
519-15,519pen  2XL,하복조끼,,250,"1,650,000",250,"6,600","1,650,000"
519-16,519pen  3XL,하복조끼,,125,"825,000",124,"6,600","818,400"
519-17,519pen  4XL,하복조끼,,35,"231,000",35,"6,600","231,000"
520-11,520고리 S,하복조끼,,33,"217,800",33,"6,600","217,800"
520-12,520고리 M,하복조끼,,182,"1,201,200",181,"6,600","1,194,600"
520-13,520고리 L,하복조끼,,391,"2,580,600",381,"6,600","2,514,600"
520-14,520고리 XL,하복조끼,,249,"1,643,400",234,"6,600","1,544,400"
520-15,520고리 2XL,하복조끼,,247,"1,630,200",233,"6,600","1,537,800"
520-16,520고리 3XL,하복조끼,,114,"752,400",112,"6,600","739,200"
520-17,520고리 4XL,하복조끼,,0,0,0,"6,600",0
521-01,521N S,하복조끼,베트남임가공,29,"217,500",29,"7,500","217,500"
521-02,521N M,하복조끼,베트남임가공,70,"525,000",70,"7,500","525,000"
521-03,521N L,하복조끼,베트남임가공,153,"1,147,500",153,"7,500","1,147,500"
521-04,521N XL,하복조끼,베트남임가공,129,"967,500",129,"7,500","967,500"
521-05,521N 2XL,하복조끼,베트남임가공,51,"382,500",51,"7,500","382,500"
521-06,521N 3XL,하복조끼,베트남임가공,29,"217,500",28,"7,500","210,000"
521-07,521N 4XL,하복조끼,베트남임가공,0,0,0,"7,500",0
522-01,522B S,하복조끼,베트남임가공,6,"58,020",6,"9,670","58,020"
522-02,522B M,하복조끼,베트남임가공,19,"183,730",19,"9,670","183,730"
522-03,522B L,하복조끼,베트남임가공,84,"812,280",84,"9,670","812,280"
522-04,522B XL,하복조끼,베트남임가공,52,"502,840",52,"9,670","502,840"
522-05,522B 2XL,하복조끼,베트남임가공,29,"280,430",29,"9,670","280,430"
522-06,522B 3XL,하복조끼,베트남임가공,17,"164,390",17,"9,670","164,390"
523-11,523N S,,,33,"221,100",32,"6,700","214,400"
523-12,523N M,,,133,"891,100",106,"6,700","710,200"
523-13,523N L,,,202,"1,353,400",147,"6,700","984,900"
523-14,523N XL,,,159,"1,065,300",94,"6,700","629,800"
523-15,523N 2XL,,,103,"690,100",60,"6,700","402,000"
523-16,523N 3XL,,,46,"308,200",37,"6,700","247,900"
523-17,523N 4XL,,,17,"113,900",17,"6,700","113,900"
524-11,524 S,,,36,"222,120",35,"6,170","215,950"
524-12,524 M,,,428,"2,640,760",425,"6,170","2,622,250"
524-13,524 L,,,546,"3,368,820",538,"6,170","3,319,460"
524-14,524 XL,,,269,"1,659,730",269,"6,170","1,659,730"
524-15,524 2XL,,,176,"1,085,920",166,"6,170","1,024,220"
524-16,524 3XL,,,52,"320,840",48,"6,170","296,160"
524-17,524 4XL,,,35,"215,950",35,"6,170","215,950"
525-11,525  S,하복조끼,,12,"78,000",7,"6,500","45,500"
525-12,525  M,하복조끼,,29,"188,500",25,"6,500","162,500"
525-13,525  L,하복조끼,,178,"1,157,000",150,"6,500","975,000"
525-14,525  XL,하복조끼,,115,"747,500",105,"6,500","682,500"
525-15,525  2XL,하복조끼,,29,"188,500",23,"6,500","149,500"
525-16,525  3XL,하복조끼,,38,"247,000",33,"6,500","214,500"
525-17,525  4XL,하복조끼,,10,"65,000",8,"6,500","52,000"
527-11,527N  S,하복조끼,,49,"323,400",48,"6,600","316,800"
527-12,527N  M,하복조끼,,254,"1,676,400",252,"6,600","1,663,200"
527-13,527N  L,하복조끼,,292,"1,927,200",267,"6,600","1,762,200"
527-14,527N  XL,하복조끼,,355,"2,343,000",341,"6,600","2,250,600"
527-15,527N  2XL,하복조끼,,192,"1,267,200",173,"6,600","1,141,800"
527-16,527N  3XL,하복조끼,,120,"792,000",109,"6,600","719,400"
527-17,527N  4XL,하복조끼,,42,"277,200",42,"6,600","277,200"
528-11,528G  S,하복조끼,,57,"376,200",57,"6,600","376,200"
528-12,528G  M,하복조끼,,166,"1,095,600",165,"6,600","1,089,000"
528-13,528G  L,하복조끼,,269,"1,775,400",207,"6,600","1,366,200"
528-14,528G  XL,하복조끼,,299,"1,973,400",276,"6,600","1,821,600"
528-15,528G  2XL,하복조끼,,111,"732,600",105,"6,600","693,000"
528-16,528G  3XL,하복조끼,,63,"415,800",62,"6,600","409,200"
528-17,528G  4XL,하복조끼,,39,"257,400",39,"6,600","257,400"
531-11,531N S,하복조끼,,34,"265,200",34,"7,800","265,200"
531-12,531N M,하복조끼,,161,"1,255,800",161,"7,800","1,255,800"
531-13,531N L,하복조끼,,295,"2,301,000",293,"7,800","2,285,400"
531-14,531N XL,하복조끼,,218,"1,700,400",218,"7,800","1,700,400"
531-15,531N 2XL,하복조끼,,176,"1,372,800",175,"7,800","1,365,000"
531-16,531N 3XL,하복조끼,,143,"1,115,400",143,"7,800","1,115,400"
531-17,531N 4XL,하복조끼,,25,"195,000",25,"7,800","195,000"
532-11,532K  S,하복조끼,,48,"374,400",47,"7,800","366,600"
532-12,532K  M,하복조끼,,171,"1,333,800",161,"7,800","1,255,800"
532-13,532K  L,하복조끼,,318,"2,480,400",306,"7,800","2,386,800"
532-14,532K  XL,하복조끼,,190,"1,482,000",147,"7,800","1,146,600"
532-15,532K  2XL,하복조끼,,191,"1,489,800",181,"7,800","1,411,800"
532-16,532K  3XL,하복조끼,,144,"1,123,200",140,"7,800","1,092,000"
532-17,532K  4XL,하복조끼,,39,"304,200",39,"7,800","304,200"
540-0,540조끼 S,동복점퍼,,25,"232,500",64,"9,300","595,200"
540-1,540조끼 M,동복점퍼,,201,"1,869,300",124,"9,300","1,153,200"
540-2,540조끼 L,동복점퍼,,199,"1,850,700",119,"9,300","1,106,700"
540-3,540조끼 XL,동복점퍼,,345,"3,208,500",246,"9,300","2,287,800"
540-4,540조끼 2XL,동복점퍼,,98,"911,400",81,"9,300","753,300"
540-5,540조끼 3XL,동복점퍼,,31,"288,300",46,"9,300","427,800"
540-6,540조끼 4XL,동복점퍼,,6,"55,800",7,"9,300","65,100"
542-0,542V S,동복점퍼,,29,"381,640",26,"13,160","342,160"
542-1,542V M,동복점퍼,,99,"1,302,840",88,"13,160","1,158,080"
542-2,542V L,동복점퍼,,172,"2,263,520",157,"13,160","2,066,120"
542-3,542V XL,동복점퍼,,85,"1,118,600",49,"13,160","644,840"
542-4,542V 2XL,동복점퍼,,74,"973,840",67,"13,160","881,720"
542-5,542V 3XL,동복점퍼,,46,"605,360",43,"13,160","565,880"
542-6,542V 4XL,동복점퍼,,0,0,0,"13,160",0
547-00,547조끼 S,동복조끼,,10,"99,000",97,"9,900","960,300"
547-01,547조끼 M,동복조끼,,0,0,2,"9,900","19,800"
547-02,547조끼 L,동복조끼,,0,0,0,"9,900",0
547-03,547조끼 XL,동복조끼,,0,0,0,"9,900",0
547-04,547조끼  2XL,동복조끼,,12,"118,800",38,"9,900","376,200"
547-05,547조끼  3XL,동복조끼,,1,"9,900",126,"9,900","1,247,400"
547-06,547조끼  4XL,동복조끼,,11,"108,900",4,"9,900","39,600"
550-1,550 퀼팅조끼 S,,,0,0,8,"17,400","139,200"
550-2,550 퀼팅조끼 M,,,0,0,95,"17,400","1,653,000"
550-3,550 퀼팅조끼 L,,,0,0,266,"17,400","4,628,400"
550-4,550 퀼팅조끼 XL,,,0,0,277,"17,400","4,819,800"
550-5,550 퀼팅조끼 2XL,,,0,0,183,"17,400","3,184,200"
550-6,550 퀼팅조끼 3XL,,,0,0,89,"17,400","1,548,600"
550-7,550 퀼팅조끼 4XL,,,0,0,13,"17,400","226,200"
560-1,560 웰론 S,동복조끼,,67,"647,220",66,"9,660","637,560"
560-2,560 웰론 M,동복조끼,,127,"1,226,820",118,"9,660","1,139,880"
560-3,560 웰론 L,동복조끼,,357,"3,448,620",339,"9,660","3,274,740"
560-4,560 웰론 XL,동복조끼,,369,"3,564,540",342,"9,660","3,303,720"
560-5,560 웰론 2XL,동복조끼,,281,"2,714,460",268,"9,660","2,588,880"
560-6,560 웰론 3XL,동복조끼,,66,"637,560",61,"9,660","589,260"
581-1,582 보라,OEM,HM,106,"911,600",106,"8,600","911,600"
583-1,583 곤색,OEM,HM,43,"378,400",43,"8,800","378,400"
591-10,591밤색 90,OEM,hs,0,0,0,"6,100",0
591-11,591밤색 95,OEM,hs,0,0,0,"6,100",0
591-12,591밤색 100,OEM,hs,1,"6,100",1,"6,100","6,100"
591-13,591밤색 105,OEM,hs,0,0,0,"6,100",0
591-14,591밤색 110,OEM,hs,0,0,0,"6,100",0
591-15,591밤색 115,OEM,hs,0,0,0,"6,100",0
591-16,591밤색 120,OEM,hs,0,0,0,"6,100",0
592-10,592 보라,OEM,hs,0,0,0,"6,100",0
593-10,593 곤색,OEM,hs,0,0,0,"6,100",0
595-11,595 투톤조끼,OEM,hs,0,0,0,"6,100",0
600-11,600(300하) 28,사계절작업복,NSL,202,"1,616,000",202,"8,000","1,616,000"
600-12,600(300하) 30,사계절작업복,NSL,287,"2,296,000",285,"8,000","2,280,000"
600-13,600(300하) 32,사계절작업복,NSL,625,"5,000,000",624,"8,000","4,992,000"
600-14,600(300하) 34,사계절작업복,NSL,317,"2,536,000",314,"8,000","2,512,000"
600-15,600(300하) 36,사계절작업복,NSL,146,"1,168,000",138,"8,000","1,104,000"
600-16,600(300하) 38,사계절작업복,NSL,43,"344,000",42,"8,000","336,000"
600-17,600(300하) 40,사계절작업복,NSL,20,"160,000",19,"8,000","152,000"
602-11,602(134하) 28,하복작업복,NSL,71,"454,400",71,"6,400","454,400"
602-12,602(134하) 30,하복작업복,NSL,181,"1,158,400",181,"6,400","1,158,400"
602-13,602(134하) 32,하복작업복,NSL,160,"1,024,000",159,"6,400","1,017,600"
602-14,602(134하) 34,하복작업복,NSL,0,0,0,"6,400",0
602-15,602(134하) 36,하복작업복,NSL,138,"883,200",136,"6,400","870,400"
602-16,602(134하) 38,하복작업복,NSL,155,"992,000",155,"6,400","992,000"
602-17,602(134하) 40,하복작업복,NSL,86,"550,400",86,"6,400","550,400"
602-18,602(134하) 42,하복작업복,NSL,47,"300,800",47,"6,400","300,800"
602-19,602(134하) 44,하복작업복,NSL,45,"288,000",43,"6,400","275,200"
603-00,603 26,하복바지,베트남임가공,0,0,0,"11,000",0
603-01,603 28,하복바지,베트남임가공,155,"1,705,000",132,"11,000","1,452,000"
603-02,603 30,하복바지,베트남임가공,304,"3,344,000",274,"11,000","3,014,000"
603-03,603 32,하복바지,베트남임가공,523,"5,753,000",486,"11,000","5,346,000"
603-04,603 34,하복바지,베트남임가공,352,"3,872,000",332,"11,000","3,652,000"
603-05,603 36,하복바지,베트남임가공,149,"1,639,000",149,"11,000","1,639,000"
603-06,603 38,하복바지,베트남임가공,137,"1,507,000",137,"11,000","1,507,000"
603-07,603 40,하복바지,베트남임가공,54,"594,000",53,"11,000","583,000"
603-08,603 42,하복바지,,29,"276,370",29,"9,530","276,370"
605-11,605(135하) 28,하복작업복,NSL,0,0,0,"7,800",0
605-12,605(135하) 30,하복작업복,NSL,2,"15,600",0,"7,800",0
605-13,605(135하) 32,하복작업복,NSL,66,"514,800",48,"7,800","374,400"
605-14,605(135하) 34,하복작업복,NSL,0,0,0,"7,800",0
605-15,605(135하) 36,하복작업복,NSL,79,"616,200",76,"7,800","592,800"
605-16,605(135하) 38,하복작업복,NSL,0,0,0,"7,800",0
605-17,605(135하) 40,하복작업복,NSL,31,"241,800",31,"7,800","241,800"
605-18,605(135하) 42,하복작업복,,119,"928,200",119,"7,800","928,200"
606-11,606(136하) 28,하복작업복,NSL,55,"418,000",55,"7,600","418,000"
606-12,606(136하) 30,하복작업복,NSL,111,"843,600",111,"7,600","843,600"
606-13,606(136하) 32,하복작업복,NSL,285,"2,166,000",285,"7,600","2,166,000"
606-14,606(136하) 34,하복작업복,NSL,155,"1,178,000",154,"7,600","1,170,400"
606-15,606(136하) 36,하복작업복,NSL,108,"820,800",106,"7,600","805,600"
606-16,606(136하) 38,하복작업복,NSL,91,"691,600",91,"7,600","691,600"
606-17,606(136하) 40,하복작업복,NSL,60,"456,000",57,"7,600","433,200"
606-18,606(136하) 42,하복작업복,NSL,18,"136,800",18,"7,600","136,800"
607-0,607N 26,하복바지,,0,0,0,"8,100",0
607-1,607N 28,하복바지,,89,"720,900",84,"8,100","680,400"
607-2,607N 30,하복바지,,182,"1,474,200",175,"8,100","1,417,500"
607-3,607N 32,하복바지,,666,"5,394,600",665,"8,100","5,386,500"
607-4,607N 34,하복바지,,172,"1,393,200",165,"8,100","1,336,500"
607-5,607N 36,하복바지,,611,"4,949,100",578,"8,100","4,681,800"
607-6,607N 38,하복바지,,207,"1,676,700",205,"8,100","1,660,500"
607-7,607N 40,하복바지,,153,"1,239,300",150,"8,100","1,215,000"
607-8,607N 42,하복바지,,74,"599,400",74,"8,100","599,400"
607-9,607N 44,하복바지,,0,0,0,"8,100",0
608-1,608G 28,하복바지,,0,0,0,"8,100",0
608-2,608G 30,하복바지,,26,"210,600",26,"8,100","210,600"
608-3,608G 32,하복바지,,83,"672,300",83,"8,100","672,300"
608-4,608G 34,하복바지,,56,"453,600",56,"8,100","453,600"
608-5,608G 36,하복바지,,0,0,0,"8,100",0
608-6,608G 38,하복바지,,0,0,0,"8,100",0
608-7,608G 40,하복바지,,23,"186,300",23,"8,100","186,300"
610-1,610 청스판 28,하복바지,,30,"240,000",0,"8,000",0
610-2,610 청스판 30,하복바지,,0,0,0,"8,000",0
610-3,610 청스판 32,하복바지,,-10,"-80,000",0,"8,000",0
610-4,610 청스판 34,하복바지,,4,"32,000",0,"8,000",0
610-5,610 청스판 36,하복바지,,0,0,0,"8,000",0
610-6,610 청스판 38,하복바지,,-4,"-32,000",0,"8,000",0
610-7,610 청스판 40,하복바지,,24,"192,000",23,"8,000","184,000"
610-8,610 청스판 42,하복바지,,1,"8,000",1,"8,000","8,000"
610-9,610 청스판 44,하복바지,,11,"88,000",11,"8,000","88,000"
611-1,611P(455p) 28,하복바지,,23,"161,000",22,"7,000","154,000"
611-2,611P(455p) 30,하복바지,,30,"210,000",26,"7,000","182,000"
611-3,611P(455p) 32,하복바지,,341,"2,387,000",332,"7,000","2,324,000"
611-4,611P(455p) 34,하복바지,,229,"1,603,000",210,"7,000","1,470,000"
611-5,611P(455p) 36,하복바지,,182,"1,274,000",168,"7,000","1,176,000"
611-6,611P(455p) 38,하복바지,,144,"1,008,000",143,"7,000","1,001,000"
611-7,611P(455p) 40,하복바지,,55,"385,000",54,"7,000","378,000"
611-8,611P(455p) 42,하복바지,,11,"77,000",11,"7,000","77,000"
613-11,613(301하) 28,사계절작업복,WHP,188,"1,316,000",187,"7,000","1,309,000"
613-12,613(301하) 30,사계절작업복,WHP,331,"2,317,000",327,"7,000","2,289,000"
613-13,613(301하) 32,사계절작업복,WHP,440,"3,080,000",408,"7,000","2,856,000"
613-14,613(301하) 34,사계절작업복,WHP,294,"2,058,000",278,"7,000","1,946,000"
613-15,613(301하) 36,사계절작업복,WHP,143,"1,001,000",132,"7,000","924,000"
613-16,613(301하) 38,사계절작업복,WHP,89,"623,000",88,"7,000","616,000"
613-17,613(301하) 40,사계절작업복,WHP,82,"574,000",80,"7,000","560,000"
613-18,613(301하) 42,사계절작업복,,20,"140,000",20,"7,000","140,000"
614-11,"614(314,302) 28",사계절작업복,WHP,-7,"-51,800",80,"7,400","592,000"
614-12,"614(314,302) 30",사계절작업복,WHP,48,"355,200",238,"7,400","1,761,200"
614-13,"614(314,302) 32",사계절작업복,WHP,71,"525,400",389,"7,400","2,878,600"
614-14,"614(314,302) 34",사계절작업복,WHP,28,"207,200",290,"7,400","2,146,000"
614-15,"614(314,302) 36",사계절작업복,WHP,122,"902,800",194,"7,400","1,435,600"
614-16,"614(314,302) 38",사계절작업복,WHP,158,"1,169,200",161,"7,400","1,191,400"
614-17,"614(314,302) 40",사계절작업복,WHP,61,"451,400",72,"7,400","532,800"
614-18,"614(314,302) 42",사계절작업복,WHP,39,"288,600",39,"7,400","288,600"
614-19,"614(314,302) 44",사계절작업복,WHP,20,"148,000",20,"7,400","148,000"
615-11,615(315하) 28,사계절작업복,WHP,165,"1,287,000",161,"7,800","1,255,800"
615-12,615(315하) 30,사계절작업복,WHP,119,"928,200",117,"7,800","912,600"
615-13,615(315하) 32,사계절작업복,WHP,213,"1,661,400",199,"7,800","1,552,200"
615-14,615(315하) 34,사계절작업복,WHP,220,"1,716,000",209,"7,800","1,630,200"
615-15,615(315하) 36,사계절작업복,WHP,105,"819,000",103,"7,800","803,400"
615-16,615(315하) 38,사계절작업복,WHP,50,"390,000",50,"7,800","390,000"
615-17,615(315하) 40,사계절작업복,WHP,47,"399,500",47,"8,500","399,500"
6181-1,618차콜 28,,,204,"1,550,400",202,"7,600","1,535,200"
6181-2,618차콜 30,,,368,"2,796,800",368,"7,600","2,796,800"
6181-3,618차콜 32,,,512,"3,891,200",512,"7,600","3,891,200"
6181-4,618차콜 34,,,379,"2,880,400",379,"7,600","2,880,400"
6181-5,618차콜 36,,,241,"1,831,600",201,"7,600","1,527,600"
6181-6,618차콜 38,,,43,"326,800",43,"7,600","326,800"
6181-7,618차콜 40,,,35,"266,000",35,"7,600","266,000"
6181-8,618차콜 42,,,14,"106,400",14,"7,600","106,400"
619-11,"619(319,320) 28",사계절작업복,WHP,71,"461,500",50,"6,500","325,000"
619-12,"619(319,320) 30",사계절작업복,WHP,115,"747,500",1,"6,500","6,500"
619-13,"619(319,320) 32",사계절작업복,WHP,548,"3,562,000",284,"6,500","1,846,000"
619-14,"619(319,320) 34",사계절작업복,WHP,184,"1,196,000",16,"6,500","104,000"
619-15,"619(319,320) 36",사계절작업복,WHP,120,"780,000",9,"6,500","58,500"
619-16,"619(319,320) 38",사계절작업복,WHP,180,"1,170,000",149,"6,500","968,500"
619-17,"619(319,320) 40",사계절작업복,WHP,96,"624,000",86,"6,500","559,000"
619-18,"619(319,320) 42",사계절작업복,WHP,57,"370,500",55,"6,500","357,500"
619-19,"619(319,320) 44",사계절작업복,WHP,20,"130,000",20,"6,500","130,000"
621-1,621 춘추청스판 28,하복바지,,5,"38,500",0,"7,700",0
621-2,621 춘추청스판 30,하복바지,,175,"1,347,500",44,"7,700","338,800"
621-3,621 춘추청스판 32,하복바지,,387,"2,979,900",148,"7,700","1,139,600"
621-4,621 춘추청스판 34,하복바지,,411,"3,164,700",183,"7,700","1,409,100"
621-5,621 춘추청스판 36,하복바지,,95,"731,500",1,"7,700","7,700"
621-6,621 춘추청스판 38,하복바지,,52,"400,400",20,"7,700","154,000"
621-7,621 춘추청스판 40,하복바지,,52,"400,400",43,"7,700","331,100"
621-8,621 춘추청스판 42,하복바지,,23,"177,100",21,"7,700","161,700"
621-9,621 춘추청스판 44,하복바지,,7,"53,900",7,"7,700","53,900"
623-1,623P(454p) 28,하복바지,,37,"267,880",33,"7,240","238,920"
623-2,623P(454p) 30,하복바지,,126,"912,240",115,"7,240","832,600"
623-3,623P(454p) 32,하복바지,,392,"2,838,080",364,"7,240","2,635,360"
623-4,623P(454p) 34,하복바지,,310,"2,244,400",290,"7,240","2,099,600"
623-5,623P(454p) 36,하복바지,,195,"1,411,800",188,"7,240","1,361,120"
623-6,623P(454p) 38,하복바지,,42,"304,080",37,"7,240","267,880"
623-7,623P(454p) 40,하복바지,,37,"267,880",37,"7,240","267,880"
623-8,623P(454p) 42,하복바지,,7,"50,680",7,"7,240","50,680"
624-11,614-1 28,사계절작업복,WHP,46,"340,400",24,"7,400","177,600"
624-12,614-1 30,사계절작업복,WHP,96,"710,400",1,"7,400","7,400"
624-13,614-1 32,사계절작업복,WHP,154,"1,139,600",18,"7,400","133,200"
624-14,614-1 34,사계절작업복,WHP,192,"1,420,800",56,"7,400","414,400"
624-15,614-1 36,사계절작업복,WHP,49,"362,600",0,"7,400",0
624-16,614-1 38,사계절작업복,WHP,47,"347,800",22,"7,400","162,800"
624-17,614-1 40,사계절작업복,WHP,43,"318,200",30,"7,400","222,000"
624-18,614-1 42,사계절작업복,WHP,13,"96,200",9,"7,400","66,600"
630-1,630(923P) 28,OEM,HS,0,0,0,"8,040",0
630-2,630(923P) 30,OEM,HS,0,0,0,"8,040",0
630-3,630(923P) 32,OEM,HS,0,0,0,"8,040",0
630-4,630(923P) 34,OEM,HS,0,0,0,"8,040",0
630-5,630(923P) 36,OEM,HS,-1,"-8,040",-1,"8,040","-8,040"
630-6,630(923P) 38,OEM,HS,0,0,0,"8,040",0
630-7,630(923P) 40,OEM,HS,0,0,0,"8,040",0
640-1,640(235P) 28,OEM,,1,"9,200",0,"9,200",0
640-2,640(235P) 30,OEM,,3,"27,600",0,"9,200",0
640-3,640(235P) 32,OEM,,64,"588,800",1,"9,200","9,200"
640-4,640(235P) 34,OEM,,37,"340,400",0,"9,200",0
640-5,640(235P) 36,OEM,,69,"634,800",3,"9,200","27,600"
640-6,640(235P) 38,OEM,,32,"294,400",12,"9,200","110,400"
640-7,640(235P) 40,OEM,,52,"478,400",45,"9,200","414,000"
640-8,640(235P) 42,OEM,,18,"165,600",18,"9,200","165,600"
641-1,641(238.239) 28,OEM,,21,"193,200",3,"9,200","27,600"
641-2,641(238.239) 30,OEM,,79,"726,800",9,"9,200","82,800"
641-3,641(238.239) 32,OEM,,229,"2,106,800",103,"9,200","947,600"
641-4,641(238.239) 34,OEM,,150,"1,380,000",69,"9,200","634,800"
641-5,641(238.239) 36,OEM,,50,"460,000",1,"9,200","9,200"
641-6,641(238.239) 38,OEM,,76,"699,200",52,"9,200","478,400"
641-7,641(238.239) 40,OEM,,28,"257,600",23,"9,200","211,600"
645-1,645(234P) 28,OEM,,37,"377,400",27,"10,200","275,400"
645-2,645(234P) 30,OEM,,99,"1,009,800",81,"10,200","826,200"
645-3,645(234P) 32,OEM,,176,"1,795,200",128,"10,200","1,305,600"
645-4,645(234P) 34,OEM,,91,"928,200",75,"10,200","765,000"
645-5,645(234P) 36,OEM,,73,"744,600",72,"10,200","734,400"
645-6,645(234P) 38,OEM,,42,"428,400",42,"10,200","428,400"
645-7,645(234P) 40,OEM,,25,"231,000",21,"9,240","194,040"
646-1,646  28,OEM,,34,"368,900",2,"10,850","21,700"
646-2,646  30,OEM,,206,"2,235,100",59,"10,850","640,150"
646-3,646  32,OEM,,485,"5,262,250",337,"10,850","3,656,450"
646-4,646  34,OEM,,409,"4,437,650",223,"10,850","2,419,550"
646-5,646  36,OEM,,184,"1,996,400",89,"10,850","965,650"
646-6,646  38,OEM,,88,"954,800",71,"10,850","770,350"
646-7,646  40,OEM,,50,"542,500",40,"10,850","434,000"
646-8,646  42,OEM,,19,"206,150",11,"10,850","119,350"
647-1,647  28,동복솜바지,,1,"10,200",0,"10,200",0
647-2,647  30,동복솜바지,,8,"81,600",0,"10,200",0
647-3,647  32,동복솜바지,,262,"2,672,400",214,"10,200","2,182,800"
647-4,647  34,동복솜바지,,246,"2,509,200",218,"10,200","2,223,600"
647-5,647  36,동복솜바지,,136,"1,387,200",124,"10,200","1,264,800"
647-6,647  38,동복솜바지,,35,"357,000",34,"10,200","346,800"
647-7,647  40,동복솜바지,,23,"234,600",20,"10,200","204,000"
650-1,650 본딩 28,OEM,NSL,84,"703,080",84,"8,370","703,080"
650-2,650 본딩 30,OEM,NSL,148,"1,238,760",146,"8,370","1,222,020"
650-3,650 본딩 32,OEM,NSL,206,"1,724,220",203,"8,370","1,699,110"
650-4,650 본딩 34,OEM,NSL,41,"343,170",40,"8,370","334,800"
650-5,650 본딩 36,OEM,NSL,10,"83,700",10,"8,370","83,700"
650-6,650 본딩 38,OEM,NSL,33,"276,210",33,"8,370","276,210"
650-7,650 본딩 40,OEM,NSL,28,"234,360",28,"8,370","234,360"
651-11,651 28,OEM,NSL,0,0,0,"6,500",0
651-12,651 30,OEM,NSL,0,0,0,"6,500",0
651-13,651 32,OEM,NSL,0,0,0,"6,500",0
651-14,651 34,OEM,NSL,0,0,0,"6,500",0
651-15,651 36,OEM,NSL,0,0,0,"6,500",0
651-16,651 38,OEM,NSL,0,0,0,"6,500",0
651-17,651 40,OEM,NSL,0,0,0,"6,500",0
651-18,651 42,OEM,NSL,0,0,0,"6,500",0
653-1,"653회색 28""",,,0,0,0,"7,000",0
653-2,"653회색 30""",,,1,"7,000",0,"7,000",0
653-3,"653회색 32""",,,1,"7,000",0,"7,000",0
653-4,"653회색 34""",,,1,"7,000",0,"7,000",0
653-5,"653회색 36""",,,0,0,-1,"7,000","-7,000"
653-6,"653회색 38""",,,0,0,0,"7,000",0
653-7,"653회색 40""",,,1,"7,000",-1,"7,000","-7,000"
654-0,654 검정 여자바지,,포맨,0,0,0,"7,000",0
654-1,"654 검정 28""",,포맨,1,"7,000",0,"7,000",0
654-2,"654 검정 30""",,,1,"7,000",0,"7,000",0
654-3,"654 검정 32""",,,4,"28,000",3,"7,000","21,000"
654-4,"654 검정 34""",,,5,"35,000",5,"7,000","35,000"
654-5,"654 검정 36""",,,5,"35,000",5,"7,000","35,000"
654-6,"654 검정 38""",,,5,"35,000",5,"7,000","35,000"
654-7,"654 검정 40""",,,1,"7,000",0,"7,000",0
655-1,"655 청본딩 28""",,해청,59,"607,700",76,"10,300","782,800"
655-2,"655 청본딩 30""",,,112,"1,153,600",177,"10,300","1,823,100"
655-3,"655 청본딩 32""",,,535,"5,510,500",168,"10,300","1,730,400"
655-4,"655 청본딩 34""",,,309,"3,182,700",135,"10,300","1,390,500"
655-5,"655 청본딩 36""",,,8,"82,400",114,"10,300","1,174,200"
655-6,"655 청본딩 38""",,,137,"1,411,100",157,"10,300","1,617,100"
655-7,"655 청본딩 40""",,,54,"556,200",78,"10,300","803,400"
655-8,"655 청본딩 42""",,,50,"515,000",87,"10,300","896,100"
655-9,"655 청본딩 44""",,,34,"350,200",64,"10,300","659,200"
656-1,656면 28,동복솜바지,,36,"430,200",25,"11,950","298,750"
656-2,656면 30,동복솜바지,,182,"2,174,900",142,"11,950","1,696,900"
656-3,656면 32,동복솜바지,,314,"3,752,300",210,"11,950","2,509,500"
656-4,656면 34,동복솜바지,,208,"2,485,600",129,"11,950","1,541,550"
656-5,656면 36,동복솜바지,,82,"979,900",38,"11,950","454,100"
656-6,656면 38,동복솜바지,,55,"657,250",41,"11,950","489,950"
656-7,656면 40,동복솜바지,,36,"430,200",36,"11,950","430,200"
656-8,656면 42,동복솜바지,,28,"334,600",28,"11,950","334,600"
657-1,657청 28,동복솜바지,,28,"358,400",19,"12,800","243,200"
657-2,657청 30,동복솜바지,,128,"1,638,400",94,"12,800","1,203,200"
657-3,657청 32,동복솜바지,,253,"3,238,400",148,"12,800","1,894,400"
657-4,657청 34,동복솜바지,,150,"1,920,000",77,"12,800","985,600"
657-5,657청 36,동복솜바지,,26,"332,800",0,"12,800",0
657-6,657청 38,동복솜바지,,24,"307,200",7,"12,800","89,600"
657-7,657청 40,동복솜바지,,33,"422,400",31,"12,800","396,800"
657-8,657청 42,동복솜바지,,20,"256,000",20,"12,800","256,000"
701-01,701  M,,,99,"2,039,400",22,"20,600","453,200"
701-02,701  L,,,321,"6,612,600",269,"20,600","5,541,400"
701-03,701  XL,,,341,"7,024,600",296,"20,600","6,097,600"
701-04,701  2XL,,,167,"3,440,200",125,"20,600","2,575,000"
701-05,701  3XL,,,78,"1,606,800",58,"20,600","1,194,800"
702-01,702  M,,,62,"1,277,200",1,"20,600","20,600"
702-02,702  L,,,178,"3,666,800",88,"20,600","1,812,800"
702-03,702  XL,,,110,"2,266,000",2,"20,600","41,200"
702-04,702  2XL,,,36,"741,600",0,"20,600",0
702-05,702  3XL,,,43,"885,800",15,"20,600","309,000"
811-01,811  M,,,-3,"-25,500",-3,"8,500","-25,500"
811-02,811  L,,,0,0,0,"8,500",0
811-03,811  XL,,,0,0,0,"5,000",0
811-04,811  2XL,,,1,"8,500",1,"8,500","8,500"
811-05,811  3XL,,,1,"8,500",1,"8,500","8,500"
812-01,812  M,,,0,0,0,"9,000",0
812-02,812  L,,,-1,"-9,000",-1,"9,000","-9,000"
812-03,812  XL,,,-1,"-9,000",-1,"9,000","-9,000"
812-04,812  2XL,,,7,"63,000",7,"9,000","63,000"
812-05,812  3XL,,,0,0,0,"9,000",0
890-1,890스즈끼,OEM,국내,-47,"-1,386,500",-47,"29,500","-1,386,500"
890-21,891 스즈끼,OEM,국내,-26,"-767,000",-45,"29,500","-1,327,500"
893-03,MN-T70,하복티셔츠,대주,0,0,0,"4,070",0
893-04,MN-T1,하복티셔츠,대주,0,0,0,"4,070",0
893-05,MN-T2,하복티셔츠,대주,0,0,0,"4,070",0
893-06,MN-W1,하복작업복,HAI,0,0,0,"7,780",0
893-07,MN-T5,하복티셔츠,대주,0,0,0,"5,630",0
895-1,895셔츠,OEM,회림,3,"48,900",3,"16,300","48,900"
904-11,jy-331j,OEM,NSL,0,0,0,"9,330",0
904-12,jy-331p,OEM,NSL,0,0,0,"6,260",0
915-11,915 상 S,OEM,NSL,115,"1,265,000",75,"11,000","825,000"
915-12,915 상 M,OEM,NSL,311,"3,421,000",0,"11,000",0
915-13,915 상 L,OEM,NSL,825,"9,075,000",44,"11,000","484,000"
915-14,915 상 XL,OEM,NSL,806,"8,866,000",254,"11,000","2,794,000"
915-15,915 상 2XL,OEM,NSL,521,"5,731,000",396,"11,000","4,356,000"
915-16,915 상 3XL,OEM,NSL,122,"1,342,000",82,"11,000","902,000"
915-17,915 상 4XL,OEM,NSL,0,0,3,"11,000","33,000"
915-19,915 상 5XL,OEM,NSL,0,0,0,"11,000",0
915-21,915 하 28,OEM,NSL,75,"532,500",26,"7,100","184,600"
915-22,915 하 30,OEM,NSL,151,"1,072,100",18,"7,100","127,800"
915-23,915 하 32,OEM,NSL,873,"6,198,300",193,"7,100","1,370,300"
915-24,915 하 34,OEM,NSL,604,"4,288,400",136,"7,100","965,600"
915-25,915 하 36,OEM,NSL,297,"2,108,700",188,"7,100","1,334,800"
915-26,915 하 38,OEM,NSL,331,"2,350,100",282,"7,100","2,002,200"
915-27,915 하 40,OEM,NSL,58,"411,800",42,"7,100","298,200"
915-28,915 하 42,OEM,NSL,25,"177,500",36,"7,100","255,600"
916-11,916tr 상 S,OEM,NSL,40,"400,000",40,"10,000","400,000"
916-12,916tr 상 M,OEM,NSL,18,"180,000",18,"10,000","180,000"
916-13,916tr 상 L,OEM,NSL,5,"50,000",0,"10,000",0
916-14,916tr 상 XL,OEM,NSL,9,"90,000",2,"10,000","20,000"
916-15,916tr 상 2XL,OEM,NSL,50,"500,000",50,"10,000","500,000"
916-16,916tr 상 3XL,OEM,NSL,25,"250,000",25,"10,000","250,000"
916-17,916tr 상 4XL,OEM,NSL,9,"90,000",9,"10,000","90,000"
916-18,916tr 상 5XL,OEM,NSL,2,"20,000",2,"10,000","20,000"
916-21,916tr 하 28,OEM,hsm,119,"740,180",119,"6,220","740,180"
916-22,916tr 하 30,OEM,hsm,111,"690,420",111,"6,220","690,420"
916-23,916tr 하 32,OEM,hsm,162,"1,007,640",162,"6,220","1,007,640"
916-24,916tr 하 34,OEM,hsm,91,"566,020",91,"6,220","566,020"
916-25,916tr 하 36,OEM,hsm,78,"485,160",78,"6,220","485,160"
916-26,916tr 하 38,OEM,hsm,64,"398,080",64,"6,220","398,080"
916-27,916tr 하 40,OEM,hsm,55,"342,100",55,"6,220","342,100"
916-28,916tr 하 42,OEM,hsm,19,"118,180",19,"6,220","118,180"
916-29, ,OEM,NSL,10,"62,200",10,"6,220","62,200"
921-20,921조끼 S,OEM,HS,74,"589,040",64,"7,960","509,440"
921-21,921조끼 M,OEM,HS,115,"915,400",0,"7,960",0
921-22,921조끼 L,OEM,HS,444,"3,534,240",107,"7,960","851,720"
921-23,921조끼 XL,OEM,HS,232,"1,846,720",19,"7,960","151,240"
921-24,921조끼 2XL,OEM,HS,175,"1,393,000",22,"7,960","175,120"
921-25,921조끼 3XL,OEM,HS,69,"549,240",9,"7,960","71,640"
921-26,921조끼 4XL,OEM,HS,14,"111,440",10,"7,960","79,600"
921-27,921조끼 5xl,OEM,HS,0,0,0,"7,960",0
921-28,921조끼 6xl,OEM,HS,2,"15,920",1,"7,960","7,960"
923-1,923(조끼SET) 95,OEM,NSL,0,0,0,"20,760",0
923-2,923(조끼SET) 100,OEM,NSL,0,0,0,"20,760",0
923-3,923(조끼SET) 105,OEM,NSL,0,0,0,"20,760",0
923-4,923(조끼SET) 110,OEM,NSL,-1,"-20,760",-1,"20,760","-20,760"
923-5,923(조끼SET) 115,OEM,NSL,0,0,0,"20,760",0
925-10,925점퍼 S,OEM,HS,133,"1,729,000",118,"13,000","1,534,000"
925-11,925점퍼 M,OEM,HS,189,"2,457,000",25,"13,000","325,000"
925-12,925점퍼 L,OEM,HS,441,"5,733,000",34,"13,000","442,000"
925-13,925점퍼 XL,OEM,HS,290,"3,770,000",-4,"13,000","-52,000"
925-14,925점퍼 2XL,OEM,HS,136,"1,768,000",0,"13,000",0
925-15,925점퍼 3XL,OEM,HS,107,"1,391,000",86,"13,000","1,118,000"
925-16,925점퍼 4XL,OEM,HS,20,"260,000",9,"13,000","117,000"
925-17,925점퍼 5xl,OEM,HS,7,"91,000",7,"13,000","91,000"
925-18,925점퍼 6XL,OEM,HS,2,"26,000",0,"13,000",0
930-10,930 M,OEM,NSL,323,"4,845,000",260,"15,000","3,900,000"
930-101,930 S,OEM,NSL,158,"2,370,000",138,"15,000","2,070,000"
930-11,930 L,OEM,NSL,395,"5,925,000",126,"15,000","1,890,000"
930-12,930 XL,OEM,NSL,328,"4,920,000",119,"15,000","1,785,000"
930-13,930 2XL,OEM,NSL,188,"2,820,000",127,"15,000","1,905,000"
930-14,930 3XL,OEM,NSL,59,"885,000",54,"15,000","810,000"
930-15,930 4XL,OEM,NSL,23,"345,000",18,"15,000","270,000"
930-20,930P 28,OEM,NSL,101,"1,048,380",61,"10,380","633,180"
930-21,930P 30,OEM,NSL,349,"3,622,620",181,"10,380","1,878,780"
930-22,930P 32,OEM,NSL,708,"7,349,040",391,"10,380","4,058,580"
930-23,930P 34,OEM,NSL,616,"6,394,080",283,"10,380","2,937,540"
930-24,930P 36,OEM,NSL,237,"2,460,060",88,"10,380","913,440"
930-25,930P 38,OEM,NSL,91,"944,580",59,"10,380","612,420"
930-26,930P 40,OEM,NSL,106,"1,100,280",101,"10,380","1,048,380"
930-27,"930P 42""",OEM,NSL,25,"259,500",25,"10,380","259,500"
971-12,971 상 M,청지류패딩,,43,"731,000",0,"17,000",0
971-13,971 상 L,청지류패딩,,64,"1,088,000",0,"17,000",0
971-14,971 상 XL,청지류패딩,,120,"2,040,000",0,"17,000",0
971-15,971 상 2XL,청지류패딩,,56,"952,000",7,"17,000","119,000"
971-16,971 상 3XL,청지류패딩,,15,"255,000",7,"17,000","119,000"
971-21,971 하 28,청지류패딩,,62,"682,000",56,"11,000","616,000"
971-22,971 하 30,청지류패딩,,85,"935,000",70,"11,000","770,000"
971-23,971 하 32,청지류패딩,,148,"1,628,000",104,"11,000","1,144,000"
971-24,971 하 34,청지류패딩,,140,"1,540,000",100,"11,000","1,100,000"
971-25,971 하 36,청지류패딩,,54,"594,000",31,"11,000","341,000"
971-26,971 하 38,청지류패딩,,72,"792,000",63,"11,000","693,000"
971-27,971 하 40,청지류패딩,,20,"220,000",18,"11,000","198,000"
975-12,975 상 M,청지류패딩,,104,"1,861,600",95,"17,900","1,700,500"
975-13,975 상 L,청지류패딩,,181,"3,239,900",121,"17,900","2,165,900"
975-14,975 상 XL,청지류패딩,,170,"3,043,000",107,"17,900","1,915,300"
975-15,975 상 2XL,청지류패딩,,135,"2,416,500",123,"17,900","2,201,700"
975-16,975 상 3XL,청지류패딩,,33,"590,700",53,"17,900","948,700"
975-17,975 상 4XL,청지류패딩,,17,"304,300",30,"17,900","537,000"
975-21,975 하 28,청지류패딩,,29,"333,500",28,"11,500","322,000"
975-22,975 하 30,청지류패딩,,93,"1,069,500",98,"11,500","1,127,000"
975-23,975 하 32,청지류패딩,,145,"1,667,500",68,"11,500","782,000"
975-24,975 하 34,청지류패딩,,100,"1,150,000",99,"11,500","1,138,500"
975-25,975 하 36,청지류패딩,,32,"368,000",32,"11,500","368,000"
975-26,975 하 38,청지류패딩,,14,"161,000",21,"11,500","241,500"
975-27,975 하 40,청지류패딩,,43,"494,500",52,"11,500","598,000"
975-28,975 하 42,청지류패딩,,3,"34,500",16,"11,500","184,000"
976-12,976상  M,청지류패딩,,38,"668,800",6,"17,600","105,600"
976-13,976상  L,청지류패딩,,39,"686,400",0,"17,600",0
976-14,976상  XL,청지류패딩,,108,"1,900,800",43,"17,600","756,800"
976-15,976상  2XL,청지류패딩,,73,"1,284,800",36,"17,600","633,600"
976-16,976상  3XL,청지류패딩,,23,"404,800",12,"17,600","211,200"
976-21,976 하  28,청지류패딩,,35,"402,500",28,"11,500","322,000"
976-22,976 하  30,청지류패딩,,97,"1,115,500",33,"11,500","379,500"
976-23,976 하  32,청지류패딩,,149,"1,713,500",74,"11,500","851,000"
976-24,976 하  34,청지류패딩,,118,"1,357,000",72,"11,500","828,000"
976-25,976 하  36,청지류패딩,,14,"161,000",0,"11,500",0
976-26,976 하  38,청지류패딩,,47,"540,500",40,"11,500","460,000"
976-27,976 하  40,청지류패딩,,27,"310,500",25,"11,500","287,500"
99-104,HM-104N,안전화,힘맨,3,"57,000",4,"19,000","76,000"
99-106,HM-106N,안전화,힘맨,0,0,0,"26,000",0
99-113,HM-113N,안전화,힘맨,0,0,0,"19,000",0
99-113-1,HM-113N 방한화,안전화,힘맨,0,0,0,"21,000",0
99-114,HM-114N 블랙,안전화,힘맨,9,"261,000",6,"29,000","174,000"
99-204,HM-204N 네이비,안전화,힘맨,0,0,-3,"23,000","-69,000"
99-206,HM-206N,안전화,힘맨,8,"184,000",6,"23,000","138,000"
99-324-1,HM-324N 다이얼,안전화,힘맨,0,0,0,"30,000",0
99-404,HM-404N,안전화,힘맨,0,0,0,"24,000",0
99-406,HM-406N,안전화,힘맨,0,0,0,"31,000",0
99-506,HM-506N 지퍼,안전화,힘맨,0,0,0,"36,000",0
99-506-1,HM-506N 다이얼,안전화,힘맨,2,"90,000",2,"45,000","90,000"
99-604,HM-604N,안전화,힘맨,1,"32,000",0,"32,000",0
99-604-1,HM-604N 다이얼,안전화,힘맨,0,0,0,"37,000",0
99-606,HM-606N 지퍼,안전화,힘맨,0,0,0,"33,000",0
99-606-1,HM-606N 다이얼,안전화,힘맨,0,0,0,"38,000",0
99-704,HM-704N 다이얼,안전화,힘맨,0,0,0,"39,000",0
99-706,HM-706N 다이얼,안전화,힘맨,5,"205,000",4,"41,000","164,000"
99-706-1,HM-706N 방한화,안전화,힘맨,0,0,0,"38,000",0
99-804,HM-804N  신끈,안전화,힘맨,9,"243,000",6,"27,000","162,000"
99-804-1,HM-804N 다이얼,안전화,힘맨,0,0,0,"30,000",0
99-806-1,HM-806N 다이얼,안전화,힘맨,0,0,0,"34,000",0
99-806-2,HM-806N 지퍼,안전화,힘맨,11,"319,000",8,"29,000","232,000"
99-806-3,HM-806N 방한화,안전화,힘맨,0,0,0,"31,000",0
S102-01,102상 90,하복작업복,NSL,67,"636,500",67,"9,500","636,500"
S102-02,102상 95,하복작업복,NSL,-1,"-9,500",0,"9,500",0
S102-03,102상 100,하복작업복,NSL,0,0,0,"9,500",0
S102-04,102상 105,하복작업복,NSL,0,0,0,"9,500",0
S102-05,102상 110,하복작업복,NSL,0,0,0,"9,500",0
S102-06,102상 115,하복작업복,NSL,0,0,0,"9,500",0
S102-07,102상 120,하복작업복,NSL,0,0,0,"9,500",0
S102-08,102상 125,하복작업복,NSL,0,0,0,"9,500",0
S138-01,138상 90,하복작업복,HAM,20,"195,600",20,"9,780","195,600"
S138-02,138상 95,하복작업복,HAM,220,"2,151,600",220,"9,780","2,151,600"
S138-03,138상 100,하복작업복,HAM,273,"2,669,940",264,"9,780","2,581,920"
S138-04,138상 105,하복작업복,HAM,291,"2,845,980",283,"9,780","2,767,740"
S138-05,138상 110,하복작업복,HAM,157,"1,535,460",155,"9,780","1,515,900"
S138-06,138상 115,하복작업복,HAM,35,"342,300",35,"9,780","342,300"
S138-07,138상 120,하복작업복,HAM,1,"9,780",1,"9,780","9,780"
S442-1,DJ-3Y,OEM,,"1,560","12,246,000","1,480","7,850","11,618,000"
S580-21,580M  90,OEM,,78,"546,000",78,"7,000","546,000"
S580-22,580M  95,OEM,,149,"1,043,000",89,"7,000","623,000"
S580-23,580M  100,OEM,,0,0,0,"7,000",0
S580-24,580M  105,OEM,,0,0,0,"7,000",0
S580-25,580M  110,OEM,,0,0,0,"7,000",0
S580-26,580M  115,OEM,,0,0,0,"7,000",0
S580-27,580M  120,OEM,,0,0,0,"7,000",0
S580-28,580M  125,OEM,,0,0,0,"7,000",0
S580-29,580M  130,OEM,,0,0,0,"7,000",0
S580-30,580M  135,OEM,,0,0,0,"7,000",0
S601-10,601 26,OEM,"hsm,hi",0,0,0,"6,300",0
S601-11,601 28,OEM,"hsm,hi",0,0,0,"6,300",0
S601-12,601 30,OEM,"hsm,hi",0,0,0,"6,300",0
S601-13,601 32,OEM,"hsm,hi",146,"919,800",146,"6,300","919,800"
S601-14,601 34,OEM,"hsm,hi",7,"44,100",7,"6,300","44,100"
S601-15,601 36,OEM,"hsm,hi",30,"189,000",30,"6,300","189,000"
S601-16,601 38,OEM,"hsm,hi",17,"107,100",17,"6,300","107,100"
S601-17,601 40,OEM,"hsm,hi",20,"126,000",20,"6,300","126,000"
S601-18,601 42,OEM,"hsm,hi",31,"195,300",31,"6,300","195,300"
S618-21,138하 회색 28,하복작업복,hsm,37,"234,580",37,"6,340","234,580"
S618-22,138하 회색 30,하복작업복,hsm,26,"164,840",27,"6,340","171,180"
S618-23,138하 회색 32,하복작업복,hsm,161,"1,020,740",158,"6,340","1,001,720"
S618-24,138하 회색 34,하복작업복,hsm,174,"1,103,160",170,"6,340","1,077,800"
S618-25,138하 회색 36,하복작업복,hsm,165,"1,046,100",165,"6,340","1,046,100"
S618-26,138하 회색 38,하복작업복,hsm,45,"285,300",45,"6,340","285,300"
S618-27,138하 회색 40,하복작업복,hsm,53,"336,020",53,"6,340","336,020"
S618-28,138하 회색 42,하복작업복,hsm,14,"88,760",14,"6,340","88,760"
S880-01,SW-6P,,HS,0,0,0,"6,620",0
S890-01,SW-46J,,DICK,9,"98,100",9,"10,900","98,100"
S890-02,SW-46P,,DICK,0,0,0,"7,140",0
S890-04,SW-M1,,,1,"6,390",1,"6,390","6,390"
S893-01,MN-102,하복작업복,hsm,2,"18,200",2,"9,100","18,200"
SA138 -12,138-1상 95,하복작업복,hsm,19,"190,000",19,"10,000","190,000"
SA138 -13,138-1상 100,하복작업복,hsm,137,"1,370,000",137,"10,000","1,370,000"
SA138 -14,138-1상 105,하복작업복,hsm,185,"1,850,000",145,"10,000","1,450,000"
SA138 -15,138-1상 110,하복작업복,hsm,60,"600,000",60,"10,000","600,000"
SA138 -16,138-1상 115,하복작업복,hsm,69,"690,000",69,"10,000","690,000"
SA138-11,138-1상 90,하복작업복,hsm,40,"400,000",40,"10,000","400,000"
SA138-17,138-1상 120,하복작업복,hsm,20,"200,000",20,"10,000","200,000"
W117-1,117홑겹내피 90,,,39,"741,000",29,"19,000","551,000"
W117-3,117홑겹내피 100,,,141,"2,679,000",89,"19,000","1,691,000"
W117-4,117홑겹내피 105,,,47,"893,000",0,"19,000",0
W117-5,117홑겹내피 110,,,0,0,0,"19,000",0
W117-6,117홑겹내피 115,,,-3,"-57,000",0,"19,000",0
W117-7,117홑겹내피 120,,,0,0,0,"19,000",0
W117-8,117홑겹내피 125,,,0,0,0,"19,000",0
W204-20,204 위아동점퍼,OEM,hc,0,0,0,"12,890",0
W231-11,231자동차점퍼 90,동복점퍼,NSL,10,"126,000",44,"12,600","554,400"
W231-12,231자동차점퍼 95,동복점퍼,NSL,22,"277,200",467,"12,600","5,884,200"
W231-13,231자동차점퍼 100,동복점퍼,NSL,0,0,341,"12,600","4,296,600"
W231-14,231자동차점퍼 105,동복점퍼,NSL,0,0,115,"12,600","1,449,000"
W231-15,231자동차점퍼 110,동복점퍼,NSL,1,"12,600",114,"12,600","1,436,400"
W231-16,231자동차점퍼 115,동복점퍼,NSL,0,0,54,"12,600","680,400"
W231-17,231자동차점퍼 120,동복점퍼,NSL,0,0,8,"12,600","100,800"
W231-18,231자동차점퍼 125,동복점퍼,NSL,3,"37,800",0,"12,600",0
W231-19,231자동차점퍼 130,동복점퍼,NSL,0,0,2,"12,600","25,200"
W232-11,232new중공업  90,동복점퍼, ,3,"47,250",19,"15,750","299,250"
W232-12,232new중공업  95,동복점퍼, ,20,"315,000",109,"15,750","1,716,750"
W232-13,232new중공업  100,동복점퍼, ,312,"4,914,000",106,"15,750","1,669,500"
W232-14,232new중공업  105,동복점퍼, ,145,"2,283,750",100,"15,750","1,575,000"
W232-15,232new중공업  110,동복점퍼, ,59,"929,250",22,"15,750","346,500"
W232-16,232new중공업  115,동복점퍼, ,23,"362,250",5,"15,750","78,750"
W232-17,232new중공업  120,동복점퍼, ,1,"15,750",-1,"15,750","-15,750"
W232-18,232new중공업  125,동복점퍼, ,0,0,0,"15,750",0
W242-0,242W 90,동복근무복,WHP,1,"12,000",1,"12,000","12,000"
W242-1,242W 95,동복근무복,WHP,1,"12,000",1,"12,000","12,000"
W242-2,242W 100,동복근무복,WHP,0,0,0,"12,000",0
W242-3,242W 105,동복근무복,WHP,0,0,0,"12,000",0
W242-4,242W 110,동복근무복,WHP,21,"252,000",21,"12,000","252,000"
W242-5,242W 115,동복근무복,WHP,9,"108,000",9,"12,000","108,000"
W271-1,271k솜점퍼 90,OEM,,20,"369,100",0,"18,455",0
W271-2,271k솜점퍼 95,OEM,,234,"4,318,470",0,"18,455",0
W271-3,271k솜점퍼 100,OEM,,715,"13,195,325",0,"18,455",0
W271-4,271k솜점퍼 105,OEM,,667,"12,309,485",0,"18,455",0
W271-5,271k솜점퍼 110,OEM,,270,"4,982,850",0,"18,455",0
W271-6,271k솜점퍼 115,OEM,,117,"2,159,235",0,"18,455",0
W271-7,271k솜점퍼 120,OEM,,74,"1,365,670",0,"18,455",0
W271-8,271k솜점퍼 125,OEM,,30,"553,650",0,"18,455",0
W271-9,271k솜점퍼 130,OEM,,0,0,0,"18,455",0
W290-91,MN-590 ,,,0,0,-10,"18,000","-180,000"
W443-1,DJ-53Y,OEM,,1,"8,200",1,"8,200","8,200"
W457-1,kj-1y,OEM,,0,0,0,"12,740",0
W548-1,548조끼 90,OEM,,47,"432,400",36,"9,200","331,200"
W548-2,548조끼 95,OEM,,179,"1,646,800",149,"9,200","1,370,800"
W548-3,548조끼 100,OEM,,297,"2,732,400",244,"9,200","2,244,800"
W548-4,548조끼 105,OEM,,157,"1,444,400",114,"9,200","1,048,800"
W548-5,548조끼 110,OEM,,112,"1,030,400",61,"9,200","561,200"
W548-6,548조끼 115,OEM,,52,"478,400",38,"9,200","349,600"
W548-7,548조끼 120,OEM,,18,"165,600",3,"9,200","27,600"
W590-1,590 솜조끼 90,,,51,"438,090",0,"8,590",0
W590-2,590 솜조끼 95,,,192,"1,649,280",8,"8,590","68,720"
W590-3,590 솜조끼 100,,,253,"2,173,270",0,"8,590",0
W590-4,590 솜조끼 105,,,267,"2,293,530",0,"8,590",0
W590-5,590 솜조끼 110,,,141,"1,211,190",0,"8,590",0
W590-6,590 솜조끼 115,,,59,"506,810",0,"8,590",0
W590-7,590 솜조끼 120,,,28,"240,520",0,"8,590",0
W590-8,590 솜조끼 125,,,0,0,0,"8,590",0
W590-9,590 솜조끼 130,,,0,0,0,"8,590",0
W801-11,801J 90,OEM, ,0,0,0,"20,500",0
W801-12,801J 95,OEM, ,0,0,0,"20,500",0
W801-13,801J 100,OEM, ,0,0,0,"20,500",0
W801-14,801J 105,OEM, ,0,0,0,"20,500",0
W801-15,801J 110,OEM, ,0,0,0,"20,500",0
W801-16,801J 115,OEM, ,6,"123,000",6,"20,500","123,000"
W890-03,SW-01,,,0,0,0,"10,500",0
W890-05,SW-02,,,0,0,0,"15,100",0
WA801,801-1,OEM,수미,9,"192,600",32,"21,400","684,800"
WK231 ,231-K,동복점퍼,NSL,0,0,0,"14,440",0
WM231 ,231-1자동차구형점퍼,동복점퍼,NSL,-7,"-88,200",0,"12,600",0
WU231 ,231-UD,동복점퍼,NSL,0,0,0,"12,920",0
