겨울근무복,겨울작업복,"겨울바지,조끼","겨울청솜,스즈끼",여름작업복,여름조끼,티셔츠,사계작업복,사계절청지류,부록,특수복,여름oem,겨울oem
202,234,650,971-1,128,501,71,300,452,915-1,811,S102,W117-1
203,235,640,971-2,140,502,72,301,453,915-2,812,S138,W117-2
204,238,641,975-1,129,505,73,302,450,916-1,191,SA138,W204
205,239,645,975-2,130,511,74,313,451,916-2,,S442,W231
206,240,646,976-1,139,512,75,314,454,925,,S580,WM231
208,241,647,976-2,1131,515,76,315,623,921,,S601,W242
220,245,653,456,1133,518,77,319,455,930-1,,S618,W271
260,250,654,701,1134,521,78,320,611,930-2,,S880,W290
290,252,655,702,1135,522,79,600,411-1,,,S890-01,W443
212,255,656,,1136,523,,613,411-2,,,S890-02,W457
213,257,657,,603,524,,614,610,,,S890-04,W548
215,258,550,,607,525,,624,621,,,S893-01,W590
216,259,560,,608,519,,615,475-1,,,,W801
217,,542,,602,520,,619,475-2,,,,WA801
218,,547,,605,527,,,,,,,W890-03
219,,540,,606,528,,,,,,,
,,,,,531,,,,,,,
,,,,,532,,,,,,,
